cve,pcap_file
CVE-2024-34351,漏洞类/2025年11月24日/AI工作流生成的攻击报文/CVE-2024-34351.pcap
CVE-2024-34470,漏洞类/2025年11月24日/AI工作流生成的攻击报文/CVE-2024-34470.pcap
CVE-2024-3456,漏洞类/2025年11月24日/AI工作流生成的攻击报文/CVE-2024-3456.pcap
CVE-2024-3458,漏洞类/2025年11月24日/AI工作流生成的攻击报文/CVE-2024-3458.pcap
CVE-2024-3495,漏洞类/2025年11月24日/AI工作流生成的攻击报文/CVE-2024-3495.pcap
CVE-2024-35286,漏洞类/2025年11月24日/AI工作流生成的攻击报文/CVE-2024-35286.pcap
CVE-2024-35361,漏洞类/2025年11月24日/AI工作流生成的攻击报文/CVE-2024-35361.pcap
CVE-2024-3552,漏洞类/2025年11月24日/AI工作流生成的攻击报文/CVE-2024-3552.pcap
CVE-2024-35584,漏洞类/2025年11月24日/AI工作流生成的攻击报文/CVE-2024-35584.pcap
CVE-2024-36412,漏洞类/2025年11月24日/AI工作流生成的攻击报文/CVE-2024-36412.pcap
CVE-2024-36428,漏洞类/2025年11月24日/AI工作流生成的攻击报文/CVE-2024-36428.pcap
CVE-2024-36837,漏洞类/2025年11月24日/AI工作流生成的攻击报文/CVE-2024-36837.pcap
CVE-2024-36991,漏洞类/2025年11月24日/AI工作流生成的攻击报文/CVE-2024-36991.pcap
CVE-2024-3721,漏洞类/2025年11月24日/AI工作流生成的攻击报文/CVE-2024-3721.pcap
CVE-2024-37906,漏洞类/2025年11月24日/AI工作流生成的攻击报文/CVE-2024-37906.pcap
CVE-2024-3822,漏洞类/2025年11月24日/AI工作流生成的攻击报文/CVE-2024-3822.pcap
CVE-2024-38288,漏洞类/2025年11月24日/AI工作流生成的攻击报文/CVE-2024-38288.pcap
CVE-2024-38289,漏洞类/2025年11月24日/AI工作流生成的攻击报文/CVE-2024-38289.pcap
CVE-2024-3850,漏洞类/2025年11月24日/AI工作流生成的攻击报文/CVE-2024-3850.pcap
CVE-2024-39907,漏洞类/2025年11月24日/AI工作流生成的攻击报文/CVE-2024-39907.pcap
CVE-2024-39911,漏洞类/2025年11月24日/AI工作流生成的攻击报文/CVE-2024-39911.pcap
CVE-2024-40348,漏洞类/2025年11月24日/AI工作流生成的攻击报文/CVE-2024-40348.pcap
CVE-2024-4257,漏洞类/2025年11月24日/AI工作流生成的攻击报文/CVE-2024-4257.pcap
CVE-2024-42905,漏洞类/2025年11月24日/AI工作流生成的攻击报文/CVE-2024-42905.pcap
CVE-2024-4348,漏洞类/2025年11月24日/AI工作流生成的攻击报文/CVE-2024-4348.pcap
CVE-2024-45388,漏洞类/2025年11月24日/AI工作流生成的攻击报文/CVE-2024-45388.pcap
CVE-2024-45758,漏洞类/2025年11月24日/AI工作流生成的攻击报文/CVE-2024-45758.pcap
CVE-2024-46538,漏洞类/2025年11月24日/AI工作流生成的攻击报文/CVE-2024-46538.pcap
CVE-2024-46938,漏洞类/2025年11月24日/AI工作流生成的攻击报文/CVE-2024-46938.pcap
CVE-2024-48248,漏洞类/2025年11月24日/AI工作流生成的攻击报文/CVE-2024-48248.pcap
CVE-2024-4890,漏洞类/2025年11月24日/AI工作流生成的攻击报文/CVE-2024-4890.pcap
CVE-2024-4903,漏洞类/2025年11月24日/AI工作流生成的攻击报文/CVE-2024-4903.pcap
CVE-2024-49380,漏洞类/2025年11月24日/AI工作流生成的攻击报文/CVE-2024-49380.pcap
CVE-2024-5017,漏洞类/2025年11月24日/AI工作流生成的攻击报文/CVE-2024-5017.pcap
CVE-2024-51568,漏洞类/2025年11月24日/AI工作流生成的攻击报文/CVE-2024-51568.pcap
CVE-2024-5225,漏洞类/2025年11月24日/AI工作流生成的攻击报文/CVE-2024-5225.pcap
CVE-2024-52725,漏洞类/2025年11月24日/AI工作流生成的攻击报文/CVE-2024-52725.pcap
CVE-2024-54330,漏洞类/2025年11月24日/AI工作流生成的攻击报文/CVE-2024-54330.pcap
CVE-2024-5478,漏洞类/2025年11月24日/AI工作流生成的攻击报文/CVE-2024-5478.pcap
CVE-2024-5522,漏洞类/2025年11月24日/AI工作流生成的攻击报文/CVE-2024-5522.pcap
CVE-2024-55550,漏洞类/2025年11月24日/AI工作流生成的攻击报文/CVE-2024-55550.pcap
CVE-2024-55947,漏洞类/2025年11月24日/AI工作流生成的攻击报文/CVE-2024-55947.pcap
CVE-2024-5672,漏洞类/2025年11月24日/AI工作流生成的攻击报文/CVE-2024-5672.pcap
CVE-2024-57606,漏洞类/2025年11月24日/AI工作流生成的攻击报文/CVE-2024-57606.pcap
CVE-2024-57727,漏洞类/2025年11月24日/AI工作流生成的攻击报文/CVE-2024-57727.pcap
CVE-2024-57784,漏洞类/2025年11月24日/AI工作流生成的攻击报文/CVE-2024-57784.pcap
CVE-2024-5827,漏洞类/2025年11月24日/AI工作流生成的攻击报文/CVE-2024-5827.pcap
CVE-2024-6205,漏洞类/2025年11月24日/AI工作流生成的攻击报文/CVE-2024-6205.pcap
CVE-2024-6587,漏洞类/2025年11月24日/AI工作流生成的攻击报文/CVE-2024-6587.pcap
CVE-2024-6670,漏洞类/2025年11月24日/AI工作流生成的攻击报文/CVE-2024-6670.pcap
CVE-2024-6911,漏洞类/2025年11月24日/AI工作流生成的攻击报文/CVE-2024-6911.pcap
CVE-2024-6924,漏洞类/2025年11月24日/AI工作流生成的攻击报文/CVE-2024-6924.pcap
CVE-2024-7008,漏洞类/2025年11月24日/AI工作流生成的攻击报文/CVE-2024-7008.pcap
CVE-2024-7066,漏洞类/2025年11月24日/AI工作流生成的攻击报文/CVE-2024-7066.pcap
CVE-2024-7099,漏洞类/2025年11月24日/AI工作流生成的攻击报文/CVE-2024-7099.pcap
CVE-2024-7188,漏洞类/2025年11月24日/AI工作流生成的攻击报文/CVE-2024-7188.pcap
CVE-2024-7340,漏洞类/2025年11月24日/AI工作流生成的攻击报文/CVE-2024-7340.pcap
CVE-2024-8484,漏洞类/2025年11月24日/AI工作流生成的攻击报文/CVE-2024-8484.pcap
CVE-2024-8517,漏洞类/2025年11月24日/AI工作流生成的攻击报文/CVE-2024-8517.pcap
CVE-2024-8581,漏洞类/2025年11月24日/AI工作流生成的攻击报文/CVE-2024-8581.pcap
CVE-2024-8752,漏洞类/2025年11月24日/AI工作流生成的攻击报文/CVE-2024-8752.pcap
CVE-2024-8865,漏洞类/2025年11月24日/AI工作流生成的攻击报文/CVE-2024-8865.pcap
CVE-2024-8883,漏洞类/2025年11月24日/AI工作流生成的攻击报文/CVE-2024-8883.pcap
CVE-2024-9047,漏洞类/2025年11月24日/AI工作流生成的攻击报文/CVE-2024-9047.pcap
CVE-2024-9275,漏洞类/2025年11月24日/AI工作流生成的攻击报文/CVE-2024-9275.pcap
CVE-2024-9464,漏洞类/2025年11月24日/AI工作流生成的攻击报文/CVE-2024-9464.pcap
CVE-2024-9935,漏洞类/2025年11月24日/AI工作流生成的攻击报文/CVE-2024-9935.pcap
CVE-2024-9977,漏洞类/2025年11月24日/AI工作流生成的攻击报文/CVE-2024-9977.pcap
CVE-2025-0391,漏洞类/2025年11月24日/AI工作流生成的攻击报文/CVE-2025-0391.pcap
CVE-2025-0565,漏洞类/2025年11月24日/AI工作流生成的攻击报文/CVE-2025-0565.pcap
CVE-2025-1023,漏洞类/2025年11月24日/AI工作流生成的攻击报文/CVE-2025-1023.pcap
CVE-2025-1158,漏洞类/2025年11月24日/AI工作流生成的攻击报文/CVE-2025-1158.pcap
CVE-2025-1797,漏洞类/2025年11月24日/AI工作流生成的攻击报文/CVE-2025-1797.pcap
CVE-2025-1841,漏洞类/2025年11月24日/AI工作流生成的攻击报文/CVE-2025-1841.pcap
CVE-2025-1845,漏洞类/2025年11月24日/AI工作流生成的攻击报文/CVE-2025-1845.pcap
CVE-2025-2264,漏洞类/2025年11月24日/AI工作流生成的攻击报文/CVE-2025-2264.pcap
CVE-2025-22952,漏洞类/2025年11月24日/AI工作流生成的攻击报文/CVE-2025-22952.pcap
CVE-2025-23199,漏洞类/2025年11月24日/AI工作流生成的攻击报文/CVE-2025-23199.pcap
CVE-2025-24799,漏洞类/2025年11月24日/AI工作流生成的攻击报文/CVE-2025-24799.pcap
CVE-2025-24963,漏洞类/2025年11月24日/AI工作流生成的攻击报文/CVE-2025-24963.pcap
CVE-2025-25257,漏洞类/2025年11月24日/AI工作流生成的攻击报文/CVE-2025-25257.pcap
CVE-2025-25296,漏洞类/2025年11月24日/AI工作流生成的攻击报文/CVE-2025-25296.pcap
CVE-2025-2717,漏洞类/2025年11月24日/AI工作流生成的攻击报文/CVE-2025-2717.pcap
CVE-2025-28367,漏洞类/2025年11月24日/AI工作流生成的攻击报文/CVE-2025-28367.pcap
CVE-2025-3002,漏洞类/2025年11月24日/AI工作流生成的攻击报文/CVE-2025-3002.pcap
CVE-2025-30567,漏洞类/2025年11月24日/AI工作流生成的攻击报文/CVE-2025-30567.pcap
CVE-2025-32813,漏洞类/2025年11月24日/AI工作流生成的攻击报文/CVE-2025-32813.pcap
CVE-2025-32814,漏洞类/2025年11月24日/AI工作流生成的攻击报文/CVE-2025-32814.pcap
CVE-2025-34035,漏洞类/2025年11月24日/AI工作流生成的攻击报文/CVE-2025-34035.pcap
CVE-2025-34126,漏洞类/2025年11月24日/AI工作流生成的攻击报文/CVE-2025-34126.pcap
CVE-2025-44137,漏洞类/2025年11月24日/AI工作流生成的攻击报文/CVE-2025-44137.pcap
CVE-2025-44177,漏洞类/2025年11月24日/AI工作流生成的攻击报文/CVE-2025-44177.pcap
CVE-2025-47423,漏洞类/2025年11月24日/AI工作流生成的攻击报文/CVE-2025-47423.pcap
CVE-2025-5152,漏洞类/2025年11月24日/AI工作流生成的攻击报文/CVE-2025-5152.pcap
CVE-2025-53833,漏洞类/2025年11月24日/AI工作流生成的攻击报文/CVE-2025-53833.pcap
CVE-2025-5569,漏洞类/2025年11月24日/AI工作流生成的攻击报文/CVE-2025-5569.pcap
CVE-2025-6103,漏洞类/2025年11月24日/AI工作流生成的攻击报文/CVE-2025-6103.pcap
CVE-2025-6104,漏洞类/2025年11月24日/AI工作流生成的攻击报文/CVE-2025-6104.pcap
CVE-2025-6335,漏洞类/2025年11月24日/AI工作流生成的攻击报文/CVE-2025-6335.pcap
CVE-2025-6772,漏洞类/2025年11月24日/AI工作流生成的攻击报文/CVE-2025-6772.pcap
CVE-2025-6907,漏洞类/2025年11月24日/AI工作流生成的攻击报文/CVE-2025-6907.pcap
CVE-2025-7081,漏洞类/2025年11月24日/AI工作流生成的攻击报文/CVE-2025-7081.pcap
CVE-2025-7107,漏洞类/2025年11月24日/AI工作流生成的攻击报文/CVE-2025-7107.pcap
CVE-2025-8133,漏洞类/2025年11月24日/AI工作流生成的攻击报文/CVE-2025-8133.pcap
CVE-2025-8259,漏洞类/2025年11月24日/AI工作流生成的攻击报文/CVE-2025-8259.pcap
CVE-2021-41293,漏洞类/2025年12月15日/AI工作流生成的攻击报文/CVE-2021-41293.pcap
CVE-2021-41349,漏洞类/2025年12月15日/AI工作流生成的攻击报文/CVE-2021-41349.pcap
CVE-2021-41569,漏洞类/2025年12月15日/AI工作流生成的攻击报文/CVE-2021-41569.pcap
CVE-2021-41878,漏洞类/2025年12月15日/AI工作流生成的攻击报文/CVE-2021-41878.pcap
CVE-2021-41951,漏洞类/2025年12月15日/AI工作流生成的攻击报文/CVE-2021-41951.pcap
CVE-2021-42071,漏洞类/2025年12月15日/AI工作流生成的攻击报文/CVE-2021-42071.pcap
CVE-2021-42325,漏洞类/2025年12月15日/AI工作流生成的攻击报文/CVE-2021-42325.pcap
CVE-2021-42551,漏洞类/2025年12月15日/AI工作流生成的攻击报文/CVE-2021-42551.pcap
CVE-2021-42567,漏洞类/2025年12月15日/AI工作流生成的攻击报文/CVE-2021-42567.pcap
CVE-2021-43405,漏洞类/2025年12月15日/AI工作流生成的攻击报文/CVE-2021-43405.pcap
CVE-2021-43496,漏洞类/2025年12月15日/AI工作流生成的攻击报文/CVE-2021-43496.pcap
CVE-2021-43574,漏洞类/2025年12月15日/AI工作流生成的攻击报文/CVE-2021-43574.pcap
CVE-2021-43701,漏洞类/2025年12月15日/AI工作流生成的攻击报文/CVE-2021-43701.pcap
CVE-2021-43734,漏洞类/2025年12月15日/AI工作流生成的攻击报文/CVE-2021-43734.pcap
CVE-2021-43778,漏洞类/2025年12月15日/AI工作流生成的攻击报文/CVE-2021-43778.pcap
CVE-2021-44427,漏洞类/2025年12月15日/AI工作流生成的攻击报文/CVE-2021-44427.pcap
CVE-2021-44585,漏洞类/2025年12月15日/AI工作流生成的攻击报文/CVE-2021-44585.pcap
CVE-2021-44665,漏洞类/2025年12月15日/AI工作流生成的攻击报文/CVE-2021-44665.pcap
CVE-2021-44916,漏洞类/2025年12月15日/AI工作流生成的攻击报文/CVE-2021-44916.pcap
CVE-2021-45043,漏洞类/2025年12月15日/AI工作流生成的攻击报文/CVE-2021-45043.pcap
CVE-2021-45416,漏洞类/2025年12月15日/AI工作流生成的攻击报文/CVE-2021-45416.pcap
CVE-2021-45422,漏洞类/2025年12月15日/AI工作流生成的攻击报文/CVE-2021-45422.pcap
CVE-2021-45425,漏洞类/2025年12月15日/AI工作流生成的攻击报文/CVE-2021-45425.pcap
CVE-2021-45966,漏洞类/2025年12月15日/AI工作流生成的攻击报文/CVE-2021-45966.pcap
CVE-2021-46379,漏洞类/2025年12月15日/AI工作流生成的攻击报文/CVE-2021-46379.pcap
CVE-2021-46381,漏洞类/2025年12月15日/AI工作流生成的攻击报文/CVE-2021-46381.pcap
CVE-2021-46398,漏洞类/2025年12月15日/AI工作流生成的攻击报文/CVE-2021-46398.pcap
CVE-2021-46417,漏洞类/2025年12月15日/AI工作流生成的攻击报文/CVE-2021-46417.pcap
CVE-2021-46441,漏洞类/2025年12月15日/AI工作流生成的攻击报文/CVE-2021-46441.pcap
CVE-2022-0169,漏洞类/2025年12月15日/AI工作流生成的攻击报文/CVE-2022-0169.pcap
CVE-2022-0190,漏洞类/2025年12月15日/AI工作流生成的攻击报文/CVE-2022-0190.pcap
CVE-2022-0201,漏洞类/2025年12月15日/AI工作流生成的攻击报文/CVE-2022-0201.pcap
CVE-2022-0208,漏洞类/2025年12月15日/AI工作流生成的攻击报文/CVE-2022-0208.pcap
CVE-2022-0254,漏洞类/2025年12月15日/AI工作流生成的攻击报文/CVE-2022-0254.pcap
CVE-2022-0271,漏洞类/2025年12月15日/AI工作流生成的攻击报文/CVE-2022-0271.pcap
CVE-2022-0332,漏洞类/2025年12月15日/AI工作流生成的攻击报文/CVE-2022-0332.pcap
CVE-2022-0342,漏洞类/2025年12月15日/AI工作流生成的攻击报文/CVE-2022-0342.pcap
CVE-2022-0349,漏洞类/2025年12月15日/AI工作流生成的攻击报文/CVE-2022-0349.pcap
CVE-2022-0378,漏洞类/2025年12月15日/AI工作流生成的攻击报文/CVE-2022-0378.pcap
CVE-2022-0383,漏洞类/2025年12月15日/AI工作流生成的攻击报文/CVE-2022-0383.pcap
CVE-2022-0422,漏洞类/2025年12月15日/AI工作流生成的攻击报文/CVE-2022-0422.pcap
CVE-2022-0434,漏洞类/2025年12月15日/AI工作流生成的攻击报文/CVE-2022-0434.pcap
CVE-2022-0437,漏洞类/2025年12月15日/AI工作流生成的攻击报文/CVE-2022-0437.pcap
CVE-2022-0592,漏洞类/2025年12月15日/AI工作流生成的攻击报文/CVE-2022-0592.pcap
CVE-2022-0653,漏洞类/2025年12月15日/AI工作流生成的攻击报文/CVE-2022-0653.pcap
CVE-2022-0678,漏洞类/2025年12月15日/AI工作流生成的攻击报文/CVE-2022-0678.pcap
CVE-2022-0693,漏洞类/2025年12月15日/AI工作流生成的攻击报文/CVE-2022-0693.pcap
CVE-2022-0785,漏洞类/2025年12月15日/AI工作流生成的攻击报文/CVE-2022-0785.pcap
CVE-2022-0786,漏洞类/2025年12月15日/AI工作流生成的攻击报文/CVE-2022-0786.pcap
CVE-2022-0948,漏洞类/2025年12月15日/AI工作流生成的攻击报文/CVE-2022-0948.pcap
CVE-2022-1014,漏洞类/2025年12月15日/AI工作流生成的攻击报文/CVE-2022-1014.pcap
CVE-2022-1064,漏洞类/2025年12月15日/AI工作流生成的攻击报文/CVE-2022-1064.pcap
CVE-2022-1119,漏洞类/2025年12月15日/AI工作流生成的攻击报文/CVE-2022-1119.pcap
CVE-2022-1221,漏洞类/2025年12月15日/AI工作流生成的攻击报文/CVE-2022-1221.pcap
CVE-2022-1281,漏洞类/2025年12月15日/AI工作流生成的攻击报文/CVE-2022-1281.pcap
CVE-2022-1390,漏洞类/2025年12月15日/AI工作流生成的攻击报文/CVE-2022-1390.pcap
CVE-2022-1391,漏洞类/2025年12月15日/AI工作流生成的攻击报文/CVE-2022-1391.pcap
CVE-2022-1392,漏洞类/2025年12月15日/AI工作流生成的攻击报文/CVE-2022-1392.pcap
CVE-2022-1609,漏洞类/2025年12月15日/AI工作流生成的攻击报文/CVE-2022-1609.pcap
CVE-2022-1768,漏洞类/2025年12月15日/AI工作流生成的攻击报文/CVE-2022-1768.pcap
CVE-2022-1883,漏洞类/2025年12月15日/AI工作流生成的攻击报文/CVE-2022-1883.pcap
CVE-2022-1904,漏洞类/2025年12月15日/AI工作流生成的攻击报文/CVE-2022-1904.pcap
CVE-2022-1906,漏洞类/2025年12月15日/AI工作流生成的攻击报文/CVE-2022-1906.pcap
CVE-2022-1910,漏洞类/2025年12月15日/AI工作流生成的攻击报文/CVE-2022-1910.pcap
CVE-2022-1946,漏洞类/2025年12月15日/AI工作流生成的攻击报文/CVE-2022-1946.pcap
CVE-2022-20719,漏洞类/2025年12月15日/AI工作流生成的攻击报文/CVE-2022-20719.pcap
CVE-2022-21210,漏洞类/2025年12月15日/AI工作流生成的攻击报文/CVE-2022-21210.pcap
CVE-2022-21661,漏洞类/2025年12月15日/AI工作流生成的攻击报文/CVE-2022-21661.pcap
CVE-2022-2174,漏洞类/2025年12月15日/AI工作流生成的攻击报文/CVE-2022-2174.pcap
CVE-2022-22149,漏洞类/2025年12月15日/AI工作流生成的攻击报文/CVE-2022-22149.pcap
CVE-2022-2269,漏洞类/2025年12月15日/AI工作流生成的攻击报文/CVE-2022-2269.pcap
CVE-2022-22733,漏洞类/2025年12月15日/AI工作流生成的攻击报文/CVE-2022-22733.pcap
CVE-2022-22897,漏洞类/2025年12月15日/AI工作流生成的攻击报文/CVE-2022-22897.pcap
CVE-2022-2290,漏洞类/2025年12月15日/AI工作流生成的攻击报文/CVE-2022-2290.pcap
CVE-2022-23046,漏洞类/2025年12月15日/AI工作流生成的攻击报文/CVE-2022-23046.pcap
CVE-2022-23347,漏洞类/2025年12月15日/AI工作流生成的攻击报文/CVE-2022-23347.pcap
CVE-2022-23366,漏洞类/2025年12月15日/AI工作流生成的攻击报文/CVE-2022-23366.pcap
CVE-2022-23377,漏洞类/2025年12月15日/AI工作流生成的攻击报文/CVE-2022-23377.pcap
CVE-2022-2339,漏洞类/2025年12月15日/AI工作流生成的攻击报文/CVE-2022-2339.pcap
CVE-2022-23544,漏洞类/2025年12月15日/AI工作流生成的攻击报文/CVE-2022-23544.pcap
CVE-2022-23808,漏洞类/2025年12月15日/AI工作流生成的攻击报文/CVE-2022-23808.pcap
CVE-2022-23854,漏洞类/2025年12月15日/AI工作流生成的攻击报文/CVE-2022-23854.pcap
CVE-2022-23911,漏洞类/2025年12月15日/AI工作流生成的攻击报文/CVE-2022-23911.pcap
CVE-2022-24124,漏洞类/2025年12月15日/AI工作流生成的攻击报文/CVE-2022-24124.pcap
CVE-2022-24129,漏洞类/2025年12月15日/AI工作流生成的攻击报文/CVE-2022-24129.pcap
CVE-2022-2414,漏洞类/2025年12月15日/AI工作流生成的攻击报文/CVE-2022-2414.pcap
CVE-2022-24181,漏洞类/2025年12月15日/AI工作流生成的攻击报文/CVE-2022-24181.pcap
CVE-2022-24223,漏洞类/2025年12月15日/AI工作流生成的攻击报文/CVE-2022-24223.pcap
CVE-2022-24248,漏洞类/2025年12月15日/AI工作流生成的攻击报文/CVE-2022-24248.pcap
CVE-2022-24260,漏洞类/2025年12月15日/AI工作流生成的攻击报文/CVE-2022-24260.pcap
CVE-2022-24263,漏洞类/2025年12月15日/AI工作流生成的攻击报文/CVE-2022-24263.pcap
CVE-2022-24856,漏洞类/2025年12月15日/AI工作流生成的攻击报文/CVE-2022-24856.pcap
CVE-2022-2486,漏洞类/2025年12月15日/AI工作流生成的攻击报文/CVE-2022-2486.pcap
CVE-2022-2487,漏洞类/2025年12月15日/AI工作流生成的攻击报文/CVE-2022-2487.pcap
CVE-2022-2488,漏洞类/2025年12月15日/AI工作流生成的攻击报文/CVE-2022-2488.pcap
CVE-2022-24899,漏洞类/2025年12月15日/AI工作流生成的攻击报文/CVE-2022-24899.pcap
CVE-2022-24900,漏洞类/2025年12月15日/AI工作流生成的攻击报文/CVE-2022-24900.pcap
CVE-2022-24977,漏洞类/2025年12月15日/AI工作流生成的攻击报文/CVE-2022-24977.pcap
CVE-2022-25017,漏洞类/2025年12月15日/AI工作流生成的攻击报文/CVE-2022-25017.pcap
CVE-2022-25060,漏洞类/2025年12月15日/AI工作流生成的攻击报文/CVE-2022-25060.pcap
CVE-2022-25297,漏洞类/2025年12月15日/AI工作流生成的攻击报文/CVE-2022-25297.pcap
CVE-2022-25323,漏洞类/2025年12月15日/AI工作流生成的攻击报文/CVE-2022-25323.pcap
CVE-2022-25488,漏洞类/2025年12月15日/AI工作流生成的攻击报文/CVE-2022-25488.pcap
CVE-2022-25497,漏洞类/2025年12月15日/AI工作流生成的攻击报文/CVE-2022-25497.pcap
CVE-2022-26135,漏洞类/2025年12月15日/AI工作流生成的攻击报文/CVE-2022-26135.pcap
CVE-2022-26258,漏洞类/2025年12月15日/AI工作流生成的攻击报文/CVE-2022-26258.pcap
CVE-2022-2633,漏洞类/2025年12月15日/AI工作流生成的攻击报文/CVE-2022-2633.pcap
CVE-2022-26536,漏洞类/2025年12月15日/AI工作流生成的攻击报文/CVE-2022-26536.pcap
CVE-2022-26564,漏洞类/2025年12月15日/AI工作流生成的攻击报文/CVE-2022-26564.pcap
CVE-2022-26585,漏洞类/2025年12月15日/AI工作流生成的攻击报文/CVE-2022-26585.pcap
CVE-2022-26613,漏洞类/2025年12月15日/AI工作流生成的攻击报文/CVE-2022-26613.pcap
CVE-2022-26960,漏洞类/2025年12月15日/AI工作流生成的攻击报文/CVE-2022-26960.pcap
CVE-2022-26991,漏洞类/2025年12月15日/AI工作流生成的攻击报文/CVE-2022-26991.pcap
CVE-2022-26999,漏洞类/2025年12月15日/AI工作流生成的攻击报文/CVE-2022-26999.pcap
CVE-2022-27001,漏洞类/2025年12月15日/AI工作流生成的攻击报文/CVE-2022-27001.pcap
CVE-2022-27498,漏洞类/2025年12月15日/AI工作流生成的攻击报文/CVE-2022-27498.pcap
CVE-2022-2753,漏洞类/2025年12月15日/AI工作流生成的攻击报文/CVE-2022-2753.pcap
CVE-2022-27927,漏洞类/2025年12月15日/AI工作流生成的攻击报文/CVE-2022-27927.pcap
CVE-2022-28290,漏洞类/2025年12月15日/AI工作流生成的攻击报文/CVE-2022-28290.pcap
CVE-2022-28363,漏洞类/2025年12月15日/AI工作流生成的攻击报文/CVE-2022-28363.pcap
CVE-2022-28585,漏洞类/2025年12月15日/AI工作流生成的攻击报文/CVE-2022-28585.pcap
CVE-2019-11600,漏洞类/2025年12月22日/AI工作流生成的攻击报文/CVE-2019-11600.pcap
CVE-2019-11604,漏洞类/2025年12月22日/AI工作流生成的攻击报文/CVE-2019-11604.pcap
CVE-2019-12347,漏洞类/2025年12月22日/AI工作流生成的攻击报文/CVE-2019-12347.pcap
CVE-2019-12477,漏洞类/2025年12月22日/AI工作流生成的攻击报文/CVE-2019-12477.pcap
CVE-2019-12541,漏洞类/2025年12月22日/AI工作流生成的攻击报文/CVE-2019-12541.pcap
CVE-2019-12542,漏洞类/2025年12月22日/AI工作流生成的攻击报文/CVE-2019-12542.pcap
CVE-2019-12543,漏洞类/2025年12月22日/AI工作流生成的攻击报文/CVE-2019-12543.pcap
CVE-2019-12593,漏洞类/2025年12月22日/AI工作流生成的攻击报文/CVE-2019-12593.pcap
CVE-2019-12735,漏洞类/2025年12月22日/AI工作流生成的攻击报文/CVE-2019-12735.pcap
CVE-2019-12771,漏洞类/2025年12月22日/AI工作流生成的攻击报文/CVE-2019-12771.pcap
CVE-2019-12962,漏洞类/2025年12月22日/AI工作流生成的攻击报文/CVE-2019-12962.pcap
CVE-2019-12985,漏洞类/2025年12月22日/AI工作流生成的攻击报文/CVE-2019-12985.pcap
CVE-2019-12986,漏洞类/2025年12月22日/AI工作流生成的攻击报文/CVE-2019-12986.pcap
CVE-2019-12987,漏洞类/2025年12月22日/AI工作流生成的攻击报文/CVE-2019-12987.pcap
CVE-2019-12988,漏洞类/2025年12月22日/AI工作流生成的攻击报文/CVE-2019-12988.pcap
CVE-2019-12990,漏洞类/2025年12月22日/AI工作流生成的攻击报文/CVE-2019-12990.pcap
CVE-2019-12991,漏洞类/2025年12月22日/AI工作流生成的攻击报文/CVE-2019-12991.pcap
CVE-2019-12992,漏洞类/2025年12月22日/AI工作流生成的攻击报文/CVE-2019-12992.pcap
CVE-2019-13339,漏洞类/2025年12月22日/AI工作流生成的攻击报文/CVE-2019-13339.pcap
CVE-2019-13396,漏洞类/2025年12月22日/AI工作流生成的攻击报文/CVE-2019-13396.pcap
CVE-2019-14205,漏洞类/2025年12月22日/AI工作流生成的攻击报文/CVE-2019-14205.pcap
CVE-2019-14223,漏洞类/2025年12月22日/AI工作流生成的攻击报文/CVE-2019-14223.pcap
CVE-2019-14251,漏洞类/2025年12月22日/AI工作流生成的攻击报文/CVE-2019-14251.pcap
CVE-2019-14266,漏洞类/2025年12月22日/AI工作流生成的攻击报文/CVE-2019-14266.pcap
CVE-2019-14312,漏洞类/2025年12月22日/AI工作流生成的攻击报文/CVE-2019-14312.pcap
CVE-2019-14423,漏洞类/2025年12月22日/AI工作流生成的攻击报文/CVE-2019-14423.pcap
CVE-2019-14530,漏洞类/2025年12月22日/AI工作流生成的攻击报文/CVE-2019-14530.pcap
CVE-2019-14696,漏洞类/2025年12月22日/AI工作流生成的攻击报文/CVE-2019-14696.pcap
CVE-2019-14974,漏洞类/2025年12月22日/AI工作流生成的攻击报文/CVE-2019-14974.pcap
CVE-2019-15501,漏洞类/2025年12月22日/AI工作流生成的攻击报文/CVE-2019-15501.pcap
CVE-2019-15637,漏洞类/2025年12月22日/AI工作流生成的攻击报文/CVE-2019-15637.pcap
CVE-2019-15811,漏洞类/2025年12月22日/AI工作流生成的攻击报文/CVE-2019-15811.pcap
CVE-2019-16197,漏洞类/2025年12月22日/AI工作流生成的攻击报文/CVE-2019-16197.pcap
CVE-2019-1642,漏洞类/2025年12月22日/AI工作流生成的攻击报文/CVE-2019-1642.pcap
CVE-2019-16931,漏洞类/2025年12月22日/AI工作流生成的攻击报文/CVE-2019-16931.pcap
CVE-2019-16996,漏洞类/2025年12月22日/AI工作流生成的攻击报文/CVE-2019-16996.pcap
CVE-2019-17117,漏洞类/2025年12月22日/AI工作流生成的攻击报文/CVE-2019-17117.pcap
CVE-2019-17124,漏洞类/2025年12月22日/AI工作流生成的攻击报文/CVE-2019-17124.pcap
CVE-2019-18396,漏洞类/2025年12月22日/AI工作流生成的攻击报文/CVE-2019-18396.pcap
CVE-2019-18859,漏洞类/2025年12月22日/AI工作流生成的攻击报文/CVE-2019-18859.pcap
CVE-2019-19117,漏洞类/2025年12月22日/AI工作流生成的攻击报文/CVE-2019-19117.pcap
CVE-2019-19368,漏洞类/2025年12月22日/AI工作流生成的攻击报文/CVE-2019-19368.pcap
CVE-2019-19908,漏洞类/2025年12月22日/AI工作流生成的攻击报文/CVE-2019-19908.pcap
CVE-2019-20354,漏洞类/2025年12月22日/AI工作流生成的攻击报文/CVE-2019-20354.pcap
CVE-2019-3799,漏洞类/2025年12月22日/AI工作流生成的攻击报文/CVE-2019-3799.pcap
CVE-2019-3912,漏洞类/2025年12月22日/AI工作流生成的攻击报文/CVE-2019-3912.pcap
CVE-2019-5072,漏洞类/2025年12月22日/AI工作流生成的攻击报文/CVE-2019-5072.pcap
CVE-2019-5129,漏洞类/2025年12月22日/AI工作流生成的攻击报文/CVE-2019-5129.pcap
CVE-2019-6112,漏洞类/2025年12月22日/AI工作流生成的攻击报文/CVE-2019-6112.pcap
CVE-2019-6263,漏洞类/2025年12月22日/AI工作流生成的攻击报文/CVE-2019-6263.pcap
CVE-2019-6965,漏洞类/2025年12月22日/AI工作流生成的攻击报文/CVE-2019-6965.pcap
CVE-2019-7255,漏洞类/2025年12月22日/AI工作流生成的攻击报文/CVE-2019-7255.pcap
CVE-2019-7400,漏洞类/2025年12月22日/AI工作流生成的攻击报文/CVE-2019-7400.pcap
CVE-2019-7417,漏洞类/2025年12月22日/AI工作流生成的攻击报文/CVE-2019-7417.pcap
CVE-2019-7418,漏洞类/2025年12月22日/AI工作流生成的攻击报文/CVE-2019-7418.pcap
CVE-2019-7419,漏洞类/2025年12月22日/AI工作流生成的攻击报文/CVE-2019-7419.pcap
CVE-2019-7420,漏洞类/2025年12月22日/AI工作流生成的攻击报文/CVE-2019-7420.pcap
CVE-2019-7421,漏洞类/2025年12月22日/AI工作流生成的攻击报文/CVE-2019-7421.pcap
CVE-2019-7422,漏洞类/2025年12月22日/AI工作流生成的攻击报文/CVE-2019-7422.pcap
CVE-2019-7423,漏洞类/2025年12月22日/AI工作流生成的攻击报文/CVE-2019-7423.pcap
CVE-2019-7424,漏洞类/2025年12月22日/AI工作流生成的攻击报文/CVE-2019-7424.pcap
CVE-2019-7425,漏洞类/2025年12月22日/AI工作流生成的攻击报文/CVE-2019-7425.pcap
CVE-2019-7426,漏洞类/2025年12月22日/AI工作流生成的攻击报文/CVE-2019-7426.pcap
CVE-2019-7427,漏洞类/2025年12月22日/AI工作流生成的攻击报文/CVE-2019-7427.pcap
CVE-2019-7670,漏洞类/2025年12月22日/AI工作流生成的攻击报文/CVE-2019-7670.pcap
CVE-2019-8086,漏洞类/2025年12月22日/AI工作流生成的攻击报文/CVE-2019-8086.pcap
CVE-2019-8368,漏洞类/2025年12月22日/AI工作流生成的攻击报文/CVE-2019-8368.pcap
CVE-2019-8387,漏洞类/2025年12月22日/AI工作流生成的攻击报文/CVE-2019-8387.pcap
CVE-2019-8390,漏洞类/2025年12月22日/AI工作流生成的攻击报文/CVE-2019-8390.pcap
CVE-2019-9053,漏洞类/2025年12月22日/AI工作流生成的攻击报文/CVE-2019-9053.pcap
CVE-2019-9593,漏洞类/2025年12月22日/AI工作流生成的攻击报文/CVE-2019-9593.pcap
CVE-2019-9632,漏洞类/2025年12月22日/AI工作流生成的攻击报文/CVE-2019-9632.pcap
CVE-2019-9858,漏洞类/2025年12月22日/AI工作流生成的攻击报文/CVE-2019-9858.pcap
CVE-2019-9922,漏洞类/2025年12月22日/AI工作流生成的攻击报文/CVE-2019-9922.pcap
CVE-2020-10548,漏洞类/2025年12月22日/AI工作流生成的攻击报文/CVE-2020-10548.pcap
CVE-2020-10549,漏洞类/2025年12月22日/AI工作流生成的攻击报文/CVE-2020-10549.pcap
CVE-2020-10770,漏洞类/2025年12月22日/AI工作流生成的攻击报文/CVE-2020-10770.pcap
CVE-2020-11455,漏洞类/2025年12月22日/AI工作流生成的攻击报文/CVE-2020-11455.pcap
CVE-2020-11457,漏洞类/2025年12月22日/AI工作流生成的攻击报文/CVE-2020-11457.pcap
CVE-2020-11530,漏洞类/2025年12月22日/AI工作流生成的攻击报文/CVE-2020-11530.pcap
CVE-2020-11546,漏洞类/2025年12月22日/AI工作流生成的攻击报文/CVE-2020-11546.pcap
CVE-2020-11953,漏洞类/2025年12月22日/AI工作流生成的攻击报文/CVE-2020-11953.pcap
CVE-2020-12112,漏洞类/2025年12月22日/AI工作流生成的攻击报文/CVE-2020-12112.pcap
CVE-2020-12124,漏洞类/2025年12月22日/AI工作流生成的攻击报文/CVE-2020-12124.pcap
CVE-2020-12629,漏洞类/2025年12月22日/AI工作流生成的攻击报文/CVE-2020-12629.pcap
CVE-2020-12720,漏洞类/2025年12月22日/AI工作流生成的攻击报文/CVE-2020-12720.pcap
CVE-2020-13117,漏洞类/2025年12月22日/AI工作流生成的攻击报文/CVE-2020-13117.pcap
CVE-2020-13167,漏洞类/2025年12月22日/AI工作流生成的攻击报文/CVE-2020-13167.pcap
CVE-2020-15004,漏洞类/2025年12月22日/AI工作流生成的攻击报文/CVE-2020-15004.pcap
CVE-2020-15038,漏洞类/2025年12月22日/AI工作流生成的攻击报文/CVE-2020-15038.pcap
CVE-2020-15415,漏洞类/2025年12月22日/AI工作流生成的攻击报文/CVE-2020-15415.pcap
CVE-2020-15778,漏洞类/2025年12月22日/AI工作流生成的攻击报文/CVE-2020-15778.pcap
CVE-2020-15895,漏洞类/2025年12月22日/AI工作流生成的攻击报文/CVE-2020-15895.pcap
CVE-2020-16147,漏洞类/2025年12月22日/AI工作流生成的攻击报文/CVE-2020-16147.pcap
CVE-2020-16206,漏洞类/2025年12月22日/AI工作流生成的攻击报文/CVE-2020-16206.pcap
CVE-2020-16210,漏洞类/2025年12月22日/AI工作流生成的攻击报文/CVE-2020-16210.pcap
CVE-2020-17505,漏洞类/2025年12月22日/AI工作流生成的攻击报文/CVE-2020-17505.pcap
CVE-2020-19360,漏洞类/2025年12月22日/AI工作流生成的攻击报文/CVE-2020-19360.pcap
CVE-2020-20300,漏洞类/2025年12月22日/AI工作流生成的攻击报文/CVE-2020-20300.pcap
CVE-2020-2096,漏洞类/2025年12月22日/AI工作流生成的攻击报文/CVE-2020-2096.pcap
CVE-2020-21378,漏洞类/2025年12月22日/AI工作流生成的攻击报文/CVE-2020-21378.pcap
CVE-2020-21667,漏洞类/2025年12月22日/AI工作流生成的攻击报文/CVE-2020-21667.pcap
CVE-2020-21725,漏洞类/2025年12月22日/AI工作流生成的攻击报文/CVE-2020-21725.pcap
CVE-2020-22211,漏洞类/2025年12月22日/AI工作流生成的攻击报文/CVE-2020-22211.pcap
CVE-2020-22840,漏洞类/2025年12月22日/AI工作流生成的攻击报文/CVE-2020-22840.pcap
CVE-2020-23835,漏洞类/2025年12月22日/AI工作流生成的攻击报文/CVE-2020-23835.pcap
CVE-2020-23935,漏洞类/2025年12月22日/AI工作流生成的攻击报文/CVE-2020-23935.pcap
CVE-2020-24912,漏洞类/2025年12月22日/AI工作流生成的攻击报文/CVE-2020-24912.pcap
CVE-2020-24913,漏洞类/2025年12月22日/AI工作流生成的攻击报文/CVE-2020-24913.pcap
CVE-2020-24963,漏洞类/2025年12月22日/AI工作流生成的攻击报文/CVE-2020-24963.pcap
CVE-2020-25270,漏洞类/2025年12月22日/AI工作流生成的攻击报文/CVE-2020-25270.pcap
CVE-2020-25483,漏洞类/2025年12月22日/AI工作流生成的攻击报文/CVE-2020-25483.pcap
CVE-2020-25495,漏洞类/2025年12月22日/AI工作流生成的攻击报文/CVE-2020-25495.pcap
CVE-2020-25592,漏洞类/2025年12月22日/AI工作流生成的攻击报文/CVE-2020-25592.pcap
CVE-2020-25780,漏洞类/2025年12月22日/AI工作流生成的攻击报文/CVE-2020-25780.pcap
CVE-2020-26259,漏洞类/2025年12月22日/AI工作流生成的攻击报文/CVE-2020-26259.pcap
CVE-2020-26948,漏洞类/2025年12月22日/AI工作流生成的攻击报文/CVE-2020-26948.pcap
CVE-2020-28187,漏洞类/2025年12月22日/AI工作流生成的攻击报文/CVE-2020-28187.pcap
CVE-2020-28351,漏洞类/2025年12月22日/AI工作流生成的攻击报文/CVE-2020-28351.pcap
CVE-2020-29139,漏洞类/2025年12月22日/AI工作流生成的攻击报文/CVE-2020-29139.pcap
CVE-2020-29227,漏洞类/2025年12月22日/AI工作流生成的攻击报文/CVE-2020-29227.pcap
CVE-2020-29395,漏洞类/2025年12月22日/AI工作流生成的攻击报文/CVE-2020-29395.pcap
CVE-2020-3187,漏洞类/2025年12月22日/AI工作流生成的攻击报文/CVE-2020-3187.pcap
CVE-2020-35580,漏洞类/2025年12月22日/AI工作流生成的攻击报文/CVE-2020-35580.pcap
CVE-2020-35598,漏洞类/2025年12月22日/AI工作流生成的攻击报文/CVE-2020-35598.pcap
CVE-2020-35736,漏洞类/2025年12月22日/AI工作流生成的攻击报文/CVE-2020-35736.pcap
CVE-2020-35749,漏洞类/2025年12月22日/AI工作流生成的攻击报文/CVE-2020-35749.pcap
CVE-2020-35847,漏洞类/2025年12月22日/AI工作流生成的攻击报文/CVE-2020-35847.pcap
CVE-2020-36365,漏洞类/2025年12月22日/AI工作流生成的攻击报文/CVE-2020-36365.pcap
CVE-2020-4463,漏洞类/2025年12月22日/AI工作流生成的攻击报文/CVE-2020-4463.pcap
CVE-2020-5191,漏洞类/2025年12月22日/AI工作流生成的攻击报文/CVE-2020-5191.pcap
CVE-2020-5284,漏洞类/2025年12月22日/AI工作流生成的攻击报文/CVE-2020-5284.pcap
CVE-2020-5504,漏洞类/2025年12月22日/AI工作流生成的攻击报文/CVE-2020-5504.pcap
CVE-2020-5513,漏洞类/2025年12月22日/AI工作流生成的攻击报文/CVE-2020-5513.pcap
CVE-2020-6756,漏洞类/2025年12月22日/AI工作流生成的攻击报文/CVE-2020-6756.pcap
CVE-2020-6950,漏洞类/2025年12月22日/AI工作流生成的攻击报文/CVE-2020-6950.pcap
CVE-2020-7796,漏洞类/2025年12月22日/AI工作流生成的攻击报文/CVE-2020-7796.pcap
CVE-2020-8191,漏洞类/2025年12月22日/AI工作流生成的攻击报文/CVE-2020-8191.pcap
CVE-2020-8194,漏洞类/2025年12月22日/AI工作流生成的攻击报文/CVE-2020-8194.pcap
CVE-2020-8512,漏洞类/2025年12月22日/AI工作流生成的攻击报文/CVE-2020-8512.pcap
CVE-2020-8813,漏洞类/2025年12月22日/AI工作流生成的攻击报文/CVE-2020-8813_164820.pcap
CVE-2020-8839,漏洞类/2025年12月22日/AI工作流生成的攻击报文/CVE-2020-8839.pcap
CVE-2020-9344,漏洞类/2025年12月22日/AI工作流生成的攻击报文/CVE-2020-9344.pcap
CVE-2020-9377,漏洞类/2025年12月22日/AI工作流生成的攻击报文/CVE-2020-9377.pcap
CVE-2020-9467,漏洞类/2025年12月22日/AI工作流生成的攻击报文/CVE-2020-9467.pcap
CVE-2020-9757,漏洞类/2025年12月22日/AI工作流生成的攻击报文/CVE-2020-9757.pcap
CVE-2021-20034,漏洞类/2025年12月22日/AI工作流生成的攻击报文/CVE-2021-20034.pcap
CVE-2021-20080,漏洞类/2025年12月22日/AI工作流生成的攻击报文/CVE-2021-20080.pcap
CVE-2021-20126,漏洞类/2025年12月22日/AI工作流生成的攻击报文/CVE-2021-20126.pcap
CVE-2021-20137,漏洞类/2025年12月22日/AI工作流生成的攻击报文/CVE-2021-20137.pcap
CVE-2021-20167,漏洞类/2025年12月22日/AI工作流生成的攻击报文/CVE-2021-20167.pcap
CVE-2021-20991,漏洞类/2025年12月22日/AI工作流生成的攻击报文/CVE-2021-20991.pcap
CVE-2021-21234,漏洞类/2025年12月22日/AI工作流生成的攻击报文/CVE-2021-21234.pcap
CVE-2021-21342,漏洞类/2025年12月22日/AI工作流生成的攻击报文/CVE-2021-21342.pcap
CVE-2021-21345,漏洞类/2025年12月22日/AI工作流生成的攻击报文/CVE-2021-21345.pcap
CVE-2021-21349,漏洞类/2025年12月22日/AI工作流生成的攻击报文/CVE-2021-21349.pcap
CVE-2021-21802,漏洞类/2025年12月22日/AI工作流生成的攻击报文/CVE-2021-21802.pcap
CVE-2021-21803,漏洞类/2025年12月22日/AI工作流生成的攻击报文/CVE-2021-21803.pcap
CVE-2021-21805,漏洞类/2025年12月22日/AI工作流生成的攻击报文/CVE-2021-21805.pcap
CVE-2021-21879,漏洞类/2025年12月22日/AI工作流生成的攻击报文/CVE-2021-21879.pcap
CVE-2021-21881,漏洞类/2025年12月22日/AI工作流生成的攻击报文/CVE-2021-21881.pcap
CVE-2021-21973,漏洞类/2025年12月22日/AI工作流生成的攻击报文/CVE-2021-21973.pcap
CVE-2021-22053,漏洞类/2025年12月22日/AI工作流生成的攻击报文/CVE-2021-22053.pcap
CVE-2021-22122,漏洞类/2025年12月22日/AI工作流生成的攻击报文/CVE-2021-22122.pcap
CVE-2021-22214,漏洞类/2025年12月22日/AI工作流生成的攻击报文/CVE-2021-22214.pcap
CVE-2021-22502,漏洞类/2025年12月22日/AI工作流生成的攻击报文/CVE-2021-22502.pcap
CVE-2021-22873,漏洞类/2025年12月22日/AI工作流生成的攻击报文/CVE-2021-22873.pcap
CVE-2021-24186,漏洞类/2025年12月22日/AI工作流生成的攻击报文/CVE-2021-24186.pcap
CVE-2021-24218,漏洞类/2025年12月22日/AI工作流生成的攻击报文/CVE-2021-24218.pcap
CVE-2021-24235,漏洞类/2025年12月22日/AI工作流生成的攻击报文/CVE-2021-24235.pcap
CVE-2021-24275,漏洞类/2025年12月22日/AI工作流生成的攻击报文/CVE-2021-24275.pcap
CVE-2021-24288,漏洞类/2025年12月22日/AI工作流生成的攻击报文/CVE-2021-24288.pcap
CVE-2021-24316,漏洞类/2025年12月22日/AI工作流生成的攻击报文/CVE-2021-24316.pcap
CVE-2021-24340,漏洞类/2025年12月22日/AI工作流生成的攻击报文/CVE-2021-24340.pcap
CVE-2021-24406,漏洞类/2025年12月22日/AI工作流生成的攻击报文/CVE-2021-24406.pcap
CVE-2021-24472,漏洞类/2025年12月22日/AI工作流生成的攻击报文/CVE-2021-24472.pcap
CVE-2021-24495,漏洞类/2025年12月22日/AI工作流生成的攻击报文/CVE-2021-24495.pcap
CVE-2021-24498,漏洞类/2025年12月22日/AI工作流生成的攻击报文/CVE-2021-24498.pcap
CVE-2021-24931,漏洞类/2025年12月22日/AI工作流生成的攻击报文/CVE-2021-24931.pcap
CVE-2021-24946,漏洞类/2025年12月22日/AI工作流生成的攻击报文/CVE-2021-24946.pcap
CVE-2021-25114,漏洞类/2025年12月22日/AI工作流生成的攻击报文/CVE-2021-25114.pcap
CVE-2021-25161,漏洞类/2025年12月22日/AI工作流生成的攻击报文/CVE-2021-25161.pcap
CVE-2021-25864,漏洞类/2025年12月22日/AI工作流生成的攻击报文/CVE-2021-25864.pcap
CVE-2021-26294,漏洞类/2025年12月22日/AI工作流生成的攻击报文/CVE-2021-26294.pcap
CVE-2021-26475,漏洞类/2025年12月22日/AI工作流生成的攻击报文/CVE-2021-26475.pcap
CVE-2021-26476,漏洞类/2025年12月22日/AI工作流生成的攻击报文/CVE-2021-26476.pcap
CVE-2021-26710,漏洞类/2025年12月22日/AI工作流生成的攻击报文/CVE-2021-26710.pcap
CVE-2021-27250,漏洞类/2025年12月22日/AI工作流生成的攻击报文/CVE-2021-27250.pcap
CVE-2021-27328,漏洞类/2025年12月22日/AI工作流生成的攻击报文/CVE-2021-27328.pcap
CVE-2021-27670,漏洞类/2025年12月22日/AI工作流生成的攻击报文/CVE-2021-27670.pcap
CVE-2021-27691,漏洞类/2025年12月22日/AI工作流生成的攻击报文/CVE-2021-27691.pcap
CVE-2021-27692,漏洞类/2025年12月22日/AI工作流生成的攻击报文/CVE-2021-27692.pcap
CVE-2021-27889,漏洞类/2025年12月22日/AI工作流生成的攻击报文/CVE-2021-27889.pcap
CVE-2021-27909,漏洞类/2025年12月22日/AI工作流生成的攻击报文/CVE-2021-27909.pcap
CVE-2021-27973,漏洞类/2025年12月22日/AI工作流生成的攻击报文/CVE-2021-27973.pcap
CVE-2021-28149,漏洞类/2025年12月22日/AI工作流生成的攻击报文/CVE-2021-28149.pcap
CVE-2021-28377,漏洞类/2025年12月22日/AI工作流生成的攻击报文/CVE-2021-28377.pcap
CVE-2021-29490,漏洞类/2025年12月22日/AI工作流生成的攻击报文/CVE-2021-29490.pcap
CVE-2021-30049,漏洞类/2025年12月22日/AI工作流生成的攻击报文/CVE-2021-30049.pcap
CVE-2021-30150,漏洞类/2025年12月22日/AI工作流生成的攻击报文/CVE-2021-30150.pcap
CVE-2021-3018,漏洞类/2025年12月22日/AI工作流生成的攻击报文/CVE-2021-3018.pcap
CVE-2021-30497,漏洞类/2025年12月22日/AI工作流生成的攻击报文/CVE-2021-30497.pcap
CVE-2021-3110,漏洞类/2025年12月22日/AI工作流生成的攻击报文/CVE-2021-3110.pcap
CVE-2021-31195,漏洞类/2025年12月22日/AI工作流生成的攻击报文/CVE-2021-31195.pcap
CVE-2021-31589,漏洞类/2025年12月22日/AI工作流生成的攻击报文/CVE-2021-31589.pcap
CVE-2021-31762,漏洞类/2025年12月22日/AI工作流生成的攻击报文/CVE-2021-31762.pcap
CVE-2021-31856,漏洞类/2025年12月22日/AI工作流生成的攻击报文/CVE-2021-31856.pcap
CVE-2021-32099,漏洞类/2025年12月22日/AI工作流生成的攻击报文/CVE-2021-32099.pcap
CVE-2021-3223,漏洞类/2025年12月22日/AI工作流生成的攻击报文/CVE-2021-3223.pcap
CVE-2021-32789,漏洞类/2025年12月22日/AI工作流生成的攻击报文/CVE-2021-32789.pcap
CVE-2021-33357,漏洞类/2025年12月22日/AI工作流生成的攻击报文/CVE-2021-33357.pcap
CVE-2021-33514,漏洞类/2025年12月22日/AI工作流生成的攻击报文/CVE-2021-33514.pcap
CVE-2021-33548,漏洞类/2025年12月22日/AI工作流生成的攻击报文/CVE-2021-33548.pcap
CVE-2021-33552,漏洞类/2025年12月22日/AI工作流生成的攻击报文/CVE-2021-33552.pcap
CVE-2021-33564,漏洞类/2025年12月22日/AI工作流生成的攻击报文/CVE-2021-33564.pcap
CVE-2021-3374,漏洞类/2025年12月22日/AI工作流生成的攻击报文/CVE-2021-3374.pcap
CVE-2021-33807,漏洞类/2025年12月22日/AI工作流生成的攻击报文/CVE-2021-33807.pcap
CVE-2021-34187,漏洞类/2025年12月22日/AI工作流生成的攻击报文/CVE-2021-34187.pcap
CVE-2021-34684,漏洞类/2025年12月22日/AI工作流生成的攻击报文/CVE-2021-34684.pcap
CVE-2021-35380,漏洞类/2025年12月22日/AI工作流生成的攻击报文/CVE-2021-35380.pcap
CVE-2021-35458,漏洞类/2025年12月22日/AI工作流生成的攻击报文/CVE-2021-35458.pcap
CVE-2021-35488,漏洞类/2025年12月22日/AI工作流生成的攻击报文/CVE-2021-35488.pcap
CVE-2021-35504,漏洞类/2025年12月22日/AI工作流生成的攻击报文/CVE-2021-35504.pcap
CVE-2021-36393,漏洞类/2025年12月22日/AI工作流生成的攻击报文/CVE-2021-36393.pcap
CVE-2021-36450,漏洞类/2025年12月22日/AI工作流生成的攻击报文/CVE-2021-36450.pcap
CVE-2021-36580,漏洞类/2025年12月22日/AI工作流生成的攻击报文/CVE-2021-36580.pcap
CVE-2021-36748,漏洞类/2025年12月22日/AI工作流生成的攻击报文/CVE-2021-36748.pcap
CVE-2021-37416,漏洞类/2025年12月22日/AI工作流生成的攻击报文/CVE-2021-37416.pcap
CVE-2021-37558,漏洞类/2025年12月22日/AI工作流生成的攻击报文/CVE-2021-37558.pcap
CVE-2021-37589,漏洞类/2025年12月22日/AI工作流生成的攻击报文/CVE-2021-37589.pcap
CVE-2021-37832,漏洞类/2025年12月22日/AI工作流生成的攻击报文/CVE-2021-37832.pcap
CVE-2021-38560,漏洞类/2025年12月22日/AI工作流生成的攻击报文/CVE-2021-38560.pcap
CVE-2021-38702,漏洞类/2025年12月22日/AI工作流生成的攻击报文/CVE-2021-38702.pcap
CVE-2021-39152,漏洞类/2025年12月22日/AI工作流生成的攻击报文/CVE-2021-39152.pcap
CVE-2021-39165,漏洞类/2025年12月22日/AI工作流生成的攻击报文/CVE-2021-39165.pcap
CVE-2021-39312,漏洞类/2025年12月22日/AI工作流生成的攻击报文/CVE-2021-39312.pcap
CVE-2021-39316,漏洞类/2025年12月22日/AI工作流生成的攻击报文/CVE-2021-39316.pcap
CVE-2021-39379,漏洞类/2025年12月22日/AI工作流生成的攻击报文/CVE-2021-39379.pcap
CVE-2021-40191,漏洞类/2025年12月22日/AI工作流生成的攻击报文/CVE-2021-40191.pcap
CVE-2021-40661,漏洞类/2025年12月22日/AI工作流生成的攻击报文/CVE-2021-40661.pcap
CVE-2021-40887,漏洞类/2025年12月22日/AI工作流生成的攻击报文/CVE-2021-40887.pcap
CVE-2021-41174,漏洞类/2025年12月22日/AI工作流生成的攻击报文/CVE-2021-41174.pcap
CVE-2021-41291,漏洞类/2025年12月22日/AI工作流生成的攻击报文/CVE-2021-41291.pcap
CVE-2011-3587,漏洞类/2025年12月22日/修复前期TCP握手攻击报文/42832_命令注入1_Zope远程代码执行漏洞(CVE-2011-3587).pcap
CVE-2023-47684,漏洞类/2025年12月22日/修复前期TCP握手攻击报文/CVE-2023-47684.pcap
CVE-2023-49040,漏洞类/2025年12月22日/修复前期TCP握手攻击报文/CVE-2023-49040.pcap
CVE-2023-5285,漏洞类/2025年12月22日/修复前期TCP握手攻击报文/CVE-2023-5285.pcap
CVE-2023-5497,漏洞类/2025年12月22日/修复前期TCP握手攻击报文/CVE-2023-5497.pcap
CVE-2023-5682,漏洞类/2025年12月22日/修复前期TCP握手攻击报文/CVE-2023-5682.pcap
CVE-2023-6084,漏洞类/2025年12月22日/修复前期TCP握手攻击报文/CVE-2023-6084.pcap
CVE-2023-6389,漏洞类/2025年12月22日/修复前期TCP握手攻击报文/CVE-2023-6389.pcap
CVE-2023-7202,漏洞类/2025年12月22日/修复前期TCP握手攻击报文/CVE-2023-7202.pcap
CVE-2024-0921,漏洞类/2025年12月22日/修复前期TCP握手攻击报文/CVE-2024-0921.pcap
CVE-2024-10902,漏洞类/2025年12月22日/修复前期TCP握手攻击报文/CVE-2024-10902.pcap
CVE-2024-11242,漏洞类/2025年12月22日/修复前期TCP握手攻击报文/CVE-2024-11242.pcap
CVE-2024-1512,漏洞类/2025年12月22日/修复前期TCP握手攻击报文/CVE-2024-1512.pcap
CVE-2024-1698,漏洞类/2025年12月22日/修复前期TCP握手攻击报文/CVE-2024-1698.pcap
CVE-2024-24112,漏洞类/2025年12月22日/修复前期TCP握手攻击报文/CVE-2024-24112.pcap
CVE-2024-24759,漏洞类/2025年12月22日/修复前期TCP握手攻击报文/CVE-2024-24759.pcap
CVE-2024-25851,漏洞类/2025年12月22日/修复前期TCP握手攻击报文/CVE-2024-25851.pcap
CVE-2024-2646,漏洞类/2025年12月22日/修复前期TCP握手攻击报文/CVE-2024-2646.pcap
CVE-2024-2879,漏洞类/2025年12月22日/修复前期TCP握手攻击报文/CVE-2024-2879.pcap
CVE-2024-29973,漏洞类/2025年12月22日/修复前期TCP握手攻击报文/CVE-2024-29973.pcap
CVE-2024-3041,漏洞类/2025年12月22日/修复前期TCP握手攻击报文/CVE-2024-3041.pcap
CVE-2024-30568,漏洞类/2025年12月22日/修复前期TCP握手攻击报文/CVE-2024-30568.pcap
CVE-2024-31485,漏洞类/2025年12月22日/修复前期TCP握手攻击报文/CVE-2024-31485.pcap
CVE-2024-32739,漏洞类/2025年12月22日/修复前期TCP握手攻击报文/CVE-2024-32739.pcap
CVE-2024-34351,漏洞类/2025年12月22日/修复前期TCP握手攻击报文/CVE-2024-34351.pcap
CVE-2024-34470,漏洞类/2025年12月22日/修复前期TCP握手攻击报文/CVE-2024-34470.pcap
CVE-2024-3458,漏洞类/2025年12月22日/修复前期TCP握手攻击报文/CVE-2024-3458.pcap
CVE-2024-35286,漏洞类/2025年12月22日/修复前期TCP握手攻击报文/CVE-2024-35286.pcap
CVE-2024-3552,漏洞类/2025年12月22日/修复前期TCP握手攻击报文/CVE-2024-3552.pcap
CVE-2024-35584,漏洞类/2025年12月22日/修复前期TCP握手攻击报文/CVE-2024-35584.pcap
CVE-2024-36428,漏洞类/2025年12月22日/修复前期TCP握手攻击报文/CVE-2024-36428.pcap
CVE-2024-36837,漏洞类/2025年12月22日/修复前期TCP握手攻击报文/CVE-2024-36837.pcap
CVE-2024-38289,漏洞类/2025年12月22日/修复前期TCP握手攻击报文/CVE-2024-38289.pcap
CVE-2024-39907,漏洞类/2025年12月22日/修复前期TCP握手攻击报文/CVE-2024-39907.pcap
CVE-2024-40348,漏洞类/2025年12月22日/修复前期TCP握手攻击报文/CVE-2024-40348.pcap
CVE-2024-5017,漏洞类/2025年12月22日/修复前期TCP握手攻击报文/CVE-2024-5017.pcap
CVE-2024-5522,漏洞类/2025年12月22日/修复前期TCP握手攻击报文/CVE-2024-5522.pcap
CVE-2024-6205,漏洞类/2025年12月22日/修复前期TCP握手攻击报文/CVE-2024-6205.pcap
CVE-2024-6587,漏洞类/2025年12月22日/修复前期TCP握手攻击报文/CVE-2024-6587.pcap
CVE-2024-6911,漏洞类/2025年12月22日/修复前期TCP握手攻击报文/CVE-2024-6911.pcap
CVE-2024-9047,漏洞类/2025年12月22日/修复前期TCP握手攻击报文/CVE-2024-9047.pcap
CVE-2024-9275,漏洞类/2025年12月22日/修复前期TCP握手攻击报文/CVE-2024-9275.pcap
CVE-2024-9935,漏洞类/2025年12月22日/修复前期TCP握手攻击报文/CVE-2024-9935.pcap
CVE-2024-9977,漏洞类/2025年12月22日/修复前期TCP握手攻击报文/CVE-2024-9977.pcap
CVE-2025-0565,漏洞类/2025年12月22日/修复前期TCP握手攻击报文/CVE-2025-0565.pcap
CVE-2025-1023,漏洞类/2025年12月22日/修复前期TCP握手攻击报文/CVE-2025-1023.pcap
CVE-2025-1797,漏洞类/2025年12月22日/修复前期TCP握手攻击报文/CVE-2025-1797.pcap
CVE-2025-2264,漏洞类/2025年12月22日/修复前期TCP握手攻击报文/CVE-2025-2264.pcap
CVE-2025-24799,漏洞类/2025年12月22日/修复前期TCP握手攻击报文/CVE-2025-24799.pcap
CVE-2025-25257,漏洞类/2025年12月22日/修复前期TCP握手攻击报文/CVE-2025-25257.pcap
CVE-2025-25296,漏洞类/2025年12月22日/修复前期TCP握手攻击报文/CVE-2025-25296.pcap
CVE-2025-32814,漏洞类/2025年12月22日/修复前期TCP握手攻击报文/CVE-2025-32814.pcap
CVE-2025-6772,漏洞类/2025年12月22日/修复前期TCP握手攻击报文/CVE-2025-6772.pcap
CVE-2025-6907,漏洞类/2025年12月22日/修复前期TCP握手攻击报文/CVE-2025-6907.pcap
CVE-2000-0945,漏洞类/2025年12月29日/AI工作流生成的攻击报文/pcaps/CVE-2000-0945.pcap
CVE-2003-0243,漏洞类/2025年12月29日/AI工作流生成的攻击报文/pcaps/CVE-2003-0243.pcap
CVE-2003-0320,漏洞类/2025年12月29日/AI工作流生成的攻击报文/pcaps/CVE-2003-0320.pcap
CVE-2003-1292,漏洞类/2025年12月29日/AI工作流生成的攻击报文/pcaps/CVE-2003-1292.pcap
CVE-2004-1037,漏洞类/2025年12月29日/AI工作流生成的攻击报文/pcaps/CVE-2004-1037.pcap
CVE-2004-2507,漏洞类/2025年12月29日/AI工作流生成的攻击报文/pcaps/CVE-2004-2507.pcap
CVE-2004-2508,漏洞类/2025年12月29日/AI工作流生成的攻击报文/pcaps/CVE-2004-2508.pcap
CVE-2005-3332,漏洞类/2025年12月29日/AI工作流生成的攻击报文/pcaps/CVE-2005-3332.pcap
CVE-2005-3921,漏洞类/2025年12月29日/AI工作流生成的攻击报文/pcaps/CVE-2005-3921.pcap
CVE-2005-4556,漏洞类/2025年12月29日/AI工作流生成的攻击报文/pcaps/CVE-2005-4556.pcap
CVE-2006-0125,漏洞类/2025年12月29日/AI工作流生成的攻击报文/pcaps/CVE-2006-0125.pcap
CVE-2006-0651,漏洞类/2025年12月29日/AI工作流生成的攻击报文/pcaps/CVE-2006-0651.pcap
CVE-2007-1019,漏洞类/2025年12月29日/AI工作流生成的攻击报文/pcaps/CVE-2007-1019.pcap
CVE-2007-2940,漏洞类/2025年12月29日/AI工作流生成的攻击报文/pcaps/CVE-2007-2940.pcap
CVE-2007-4921,漏洞类/2025年12月29日/AI工作流生成的攻击报文/pcaps/CVE-2007-4921.pcap
CVE-2008-0533,漏洞类/2025年12月29日/AI工作流生成的攻击报文/pcaps/CVE-2008-0533.pcap
CVE-2008-1470,漏洞类/2025年12月29日/AI工作流生成的攻击报文/pcaps/CVE-2008-1470.pcap
CVE-2008-5998,漏洞类/2025年12月29日/AI工作流生成的攻击报文/pcaps/CVE-2008-5998.pcap
CVE-2008-6505,漏洞类/2025年12月29日/AI工作流生成的攻击报文/pcaps/CVE-2008-6505.pcap
CVE-2009-0932,漏洞类/2025年12月29日/AI工作流生成的攻击报文/pcaps/CVE-2009-0932.pcap
CVE-2009-1557,漏洞类/2025年12月29日/AI工作流生成的攻击报文/pcaps/CVE-2009-1557.pcap
CVE-2009-4223,漏洞类/2025年12月29日/AI工作流生成的攻击报文/pcaps/CVE-2009-4223.pcap
CVE-2009-4621,漏洞类/2025年12月29日/AI工作流生成的攻击报文/pcaps/CVE-2009-4621.pcap
CVE-2010-4566,漏洞类/2025年12月29日/AI工作流生成的攻击报文/pcaps/CVE-2010-4566.pcap
CVE-2010-5278,漏洞类/2025年12月29日/AI工作流生成的攻击报文/pcaps/CVE-2010-5278.pcap
CVE-2011-3315,漏洞类/2025年12月29日/AI工作流生成的攻击报文/pcaps/CVE-2011-3315.pcap
CVE-2011-4453,漏洞类/2025年12月29日/AI工作流生成的攻击报文/pcaps/CVE-2011-4453.pcap
CVE-2011-5010,漏洞类/2025年12月29日/AI工作流生成的攻击报文/pcaps/CVE-2011-5010.pcap
CVE-2011-5028,漏洞类/2025年12月29日/AI工作流生成的攻击报文/pcaps/CVE-2011-5028.pcap
CVE-2011-5261,漏洞类/2025年12月29日/AI工作流生成的攻击报文/pcaps/CVE-2011-5261.pcap
CVE-2012-1777,漏洞类/2025年12月29日/AI工作流生成的攻击报文/pcaps/CVE-2012-1777.pcap
CVE-2012-2995,漏洞类/2025年12月29日/AI工作流生成的攻击报文/pcaps/CVE-2012-2995.pcap
CVE-2012-3351,漏洞类/2025年12月29日/AI工作流生成的攻击报文/pcaps/CVE-2012-3351.pcap
CVE-2012-3414,漏洞类/2025年12月29日/AI工作流生成的攻击报文/pcaps/CVE-2012-3414.pcap
CVE-2012-5319,漏洞类/2025年12月29日/AI工作流生成的攻击报文/pcaps/CVE-2012-5319.pcap
CVE-2013-1668,漏洞类/2025年12月29日/AI工作流生成的攻击报文/pcaps/CVE-2013-1668.pcap
CVE-2013-2135,漏洞类/2025年12月29日/AI工作流生成的攻击报文/pcaps/CVE-2013-2135.pcap
CVE-2013-2474,漏洞类/2025年12月29日/AI工作流生成的攻击报文/pcaps/CVE-2013-2474.pcap
CVE-2013-2573,漏洞类/2025年12月29日/AI工作流生成的攻击报文/pcaps/CVE-2013-2573.pcap
CVE-2013-2623,漏洞类/2025年12月29日/AI工作流生成的攻击报文/pcaps/CVE-2013-2623.pcap
CVE-2013-3307,漏洞类/2025年12月29日/AI工作流生成的攻击报文/pcaps/CVE-2013-3307.pcap
CVE-2013-3522,漏洞类/2025年12月29日/AI工作流生成的攻击报文/pcaps/CVE-2013-3522.pcap
CVE-2013-3576,漏洞类/2025年12月29日/AI工作流生成的攻击报文/pcaps/CVE-2013-3576.pcap
CVE-2013-3963,漏洞类/2025年12月29日/AI工作流生成的攻击报文/pcaps/CVE-2013-3963.pcap
CVE-2013-7179,漏洞类/2025年12月29日/AI工作流生成的攻击报文/pcaps/CVE-2013-7179.pcap
CVE-2014-2579,漏洞类/2025年12月29日/AI工作流生成的攻击报文/pcaps/CVE-2014-2579.pcap
CVE-2014-3206,漏洞类/2025年12月29日/AI工作流生成的攻击报文/pcaps/CVE-2014-3206.pcap
CVE-2014-4210,漏洞类/2025年12月29日/AI工作流生成的攻击报文/pcaps/CVE-2014-4210.pcap
CVE-2014-8363,漏洞类/2025年12月29日/AI工作流生成的攻击报文/pcaps/CVE-2014-8363.pcap
CVE-2014-9094,漏洞类/2025年12月29日/AI工作流生成的攻击报文/pcaps/CVE-2014-9094.pcap
CVE-2014-9734,漏洞类/2025年12月29日/AI工作流生成的攻击报文/pcaps/CVE-2014-9734.pcap
CVE-2015-0921,漏洞类/2025年12月29日/AI工作流生成的攻击报文/pcaps/CVE-2015-0921.pcap
CVE-2015-1187,漏洞类/2025年12月29日/AI工作流生成的攻击报文/pcaps/CVE-2015-1187.pcap
CVE-2015-2279,漏洞类/2025年12月29日/AI工作流生成的攻击报文/pcaps/CVE-2015-2279.pcap
CVE-2015-2280,漏洞类/2025年12月29日/AI工作流生成的攻击报文/pcaps/CVE-2015-2280.pcap
CVE-2015-3440,漏洞类/2025年12月29日/AI工作流生成的攻击报文/pcaps/CVE-2015-3440.pcap
CVE-2015-4553,漏洞类/2025年12月29日/AI工作流生成的攻击报文/pcaps/CVE-2015-4553.pcap
CVE-2015-4670,漏洞类/2025年12月29日/AI工作流生成的攻击报文/pcaps/CVE-2015-4670.pcap
CVE-2015-6024,漏洞类/2025年12月29日/AI工作流生成的攻击报文/pcaps/CVE-2015-6024.pcap
CVE-2015-6435,漏洞类/2025年12月29日/AI工作流生成的攻击报文/pcaps/CVE-2015-6435.pcap
CVE-2015-6914,漏洞类/2025年12月29日/AI工作流生成的攻击报文/pcaps/CVE-2015-6914.pcap
CVE-2015-6970,漏洞类/2025年12月29日/AI工作流生成的攻击报文/pcaps/CVE-2015-6970.pcap
CVE-2015-7250,漏洞类/2025年12月29日/AI工作流生成的攻击报文/pcaps/CVE-2015-7250.pcap
CVE-2015-8256,漏洞类/2025年12月29日/AI工作流生成的攻击报文/pcaps/CVE-2015-8256.pcap
CVE-2015-8257,漏洞类/2025年12月29日/AI工作流生成的攻击报文/pcaps/CVE-2015-8257.pcap
CVE-2016-10372,漏洞类/2025年12月29日/AI工作流生成的攻击报文/pcaps/CVE-2016-10372.pcap
CVE-2016-11021,漏洞类/2025年12月29日/AI工作流生成的攻击报文/pcaps/CVE-2016-11021.pcap
CVE-2016-1555,漏洞类/2025年12月29日/AI工作流生成的攻击报文/pcaps/CVE-2016-1555.pcap
CVE-2016-2056,漏洞类/2025年12月29日/AI工作流生成的攻击报文/pcaps/CVE-2016-2056.pcap
CVE-2016-6267,漏洞类/2025年12月29日/AI工作流生成的攻击报文/pcaps/CVE-2016-6267.pcap
CVE-2016-8582,漏洞类/2025年12月29日/AI工作流生成的攻击报文/pcaps/CVE-2016-8582.pcap
CVE-2016-8585,漏洞类/2025年12月29日/AI工作流生成的攻击报文/pcaps/CVE-2016-8585.pcap
CVE-2016-8589,漏洞类/2025年12月29日/AI工作流生成的攻击报文/pcaps/CVE-2016-8589.pcap
CVE-2016-8590,漏洞类/2025年12月29日/AI工作流生成的攻击报文/pcaps/CVE-2016-8590.pcap
CVE-2016-8591,漏洞类/2025年12月29日/AI工作流生成的攻击报文/pcaps/CVE-2016-8591.pcap
CVE-2016-8592,漏洞类/2025年12月29日/AI工作流生成的攻击报文/pcaps/CVE-2016-8592.pcap
CVE-2016-9553,漏洞类/2025年12月29日/AI工作流生成的攻击报文/pcaps/CVE-2016-9553.pcap
CVE-2017-0055,漏洞类/2025年12月29日/AI工作流生成的攻击报文/pcaps/CVE-2017-0055.pcap
CVE-2017-0378,漏洞类/2025年12月29日/AI工作流生成的攻击报文/pcaps/CVE-2017-0378.pcap
CVE-2017-0929,漏洞类/2025年12月29日/AI工作流生成的攻击报文/pcaps/CVE-2017-0929.pcap
CVE-2017-1000240,漏洞类/2025年12月29日/AI工作流生成的攻击报文/pcaps/CVE-2017-1000240.pcap
CVE-2017-12121,漏洞类/2025年12月29日/AI工作流生成的攻击报文/pcaps/CVE-2017-12121.pcap
CVE-2017-12125,漏洞类/2025年12月29日/AI工作流生成的攻击报文/pcaps/CVE-2017-12125.pcap
CVE-2017-12243,漏洞类/2025年12月29日/AI工作流生成的攻击报文/pcaps/CVE-2017-12243.pcap
CVE-2017-12413,漏洞类/2025年12月29日/AI工作流生成的攻击报文/pcaps/CVE-2017-12413.pcap
CVE-2017-12794,漏洞类/2025年12月29日/AI工作流生成的攻击报文/pcaps/CVE-2017-12794.pcap
CVE-2017-14432,漏洞类/2025年12月29日/AI工作流生成的攻击报文/pcaps/CVE-2017-14432.pcap
CVE-2017-14433,漏洞类/2025年12月29日/AI工作流生成的攻击报文/pcaps/CVE-2017-14433.pcap
CVE-2017-14434,漏洞类/2025年12月29日/AI工作流生成的攻击报文/pcaps/CVE-2017-14434.pcap
CVE-2017-14535,漏洞类/2025年12月29日/AI工作流生成的攻击报文/pcaps/CVE-2017-14535.pcap
CVE-2017-15885,漏洞类/2025年12月29日/AI工作流生成的攻击报文/pcaps/CVE-2017-15885.pcap
CVE-2017-16783,漏洞类/2025年12月29日/AI工作流生成的攻击报文/pcaps/CVE-2017-16783.pcap
CVE-2017-16842,漏洞类/2025年12月29日/AI工作流生成的攻击报文/pcaps/CVE-2017-16842.pcap
CVE-2017-17105,漏洞类/2025年12月29日/AI工作流生成的攻击报文/pcaps/CVE-2017-17105.pcap
CVE-2017-18369,漏洞类/2025年12月29日/AI工作流生成的攻击报文/pcaps/CVE-2017-18369.pcap
CVE-2017-2829,漏洞类/2025年12月29日/AI工作流生成的攻击报文/pcaps/CVE-2017-2829.pcap
CVE-2017-2832,漏洞类/2025年12月29日/AI工作流生成的攻击报文/pcaps/CVE-2017-2832.pcap
CVE-2017-2833,漏洞类/2025年12月29日/AI工作流生成的攻击报文/pcaps/CVE-2017-2833.pcap
CVE-2017-2841,漏洞类/2025年12月29日/AI工作流生成的攻击报文/pcaps/CVE-2017-2841.pcap
CVE-2017-2842,漏洞类/2025年12月29日/AI工作流生成的攻击报文/pcaps/CVE-2017-2842.pcap
CVE-2017-5595,漏洞类/2025年12月29日/AI工作流生成的攻击报文/pcaps/CVE-2017-5595.pcap
CVE-2017-5869,漏洞类/2025年12月29日/AI工作流生成的攻击报文/pcaps/CVE-2017-5869.pcap
CVE-2017-6394,漏洞类/2025年12月29日/AI工作流生成的攻击报文/pcaps/CVE-2017-6394.pcap
CVE-2017-8220,漏洞类/2025年12月29日/AI工作流生成的攻击报文/pcaps/CVE-2017-8220.pcap
CVE-2017-8770,漏洞类/2025年12月29日/AI工作流生成的攻击报文/pcaps/CVE-2017-8770.pcap
CVE-2017-9506,漏洞类/2025年12月29日/AI工作流生成的攻击报文/pcaps/CVE-2017-9506.pcap
CVE-2017-9757,漏洞类/2025年12月29日/AI工作流生成的攻击报文/pcaps/CVE-2017-9757.pcap
CVE-2017-9813,漏洞类/2025年12月29日/AI工作流生成的攻击报文/pcaps/CVE-2017-9813.pcap
CVE-2018-0710,漏洞类/2025年12月29日/AI工作流生成的攻击报文/pcaps/CVE-2018-0710.pcap
CVE-2018-1000129,漏洞类/2025年12月29日/AI工作流生成的攻击报文/pcaps/CVE-2018-1000129.pcap
CVE-2018-1000130,漏洞类/2025年12月29日/AI工作流生成的攻击报文/pcaps/CVE-2018-1000130.pcap
CVE-2018-1000218,漏洞类/2025年12月29日/AI工作流生成的攻击报文/pcaps/CVE-2018-1000218.pcap
CVE-2018-1002001,漏洞类/2025年12月29日/AI工作流生成的攻击报文/pcaps/CVE-2018-1002001.pcap
CVE-2018-10068,漏洞类/2025年12月29日/AI工作流生成的攻击报文/pcaps/CVE-2018-10068.pcap
CVE-2018-10094,漏洞类/2025年12月29日/AI工作流生成的攻击报文/pcaps/CVE-2018-10094.pcap
CVE-2018-10095,漏洞类/2025年12月29日/AI工作流生成的攻击报文/pcaps/CVE-2018-10095.pcap
CVE-2018-10138,漏洞类/2025年12月29日/AI工作流生成的攻击报文/pcaps/CVE-2018-10138.pcap
CVE-2018-10176,漏洞类/2025年12月29日/AI工作流生成的攻击报文/pcaps/CVE-2018-10176.pcap
CVE-2018-10260,漏洞类/2025年12月29日/AI工作流生成的攻击报文/pcaps/CVE-2018-10260.pcap
CVE-2018-10571,漏洞类/2025年12月29日/AI工作流生成的攻击报文/pcaps/CVE-2018-10571.pcap
CVE-2018-11133,漏洞类/2025年12月29日/AI工作流生成的攻击报文/pcaps/CVE-2018-11133.pcap
CVE-2018-11136,漏洞类/2025年12月29日/AI工作流生成的攻击报文/pcaps/CVE-2018-11136.pcap
CVE-2018-11137,漏洞类/2025年12月29日/AI工作流生成的攻击报文/pcaps/CVE-2018-11137.pcap
CVE-2018-11140,漏洞类/2025年12月29日/AI工作流生成的攻击报文/pcaps/CVE-2018-11140.pcap
CVE-2018-11141,漏洞类/2025年12月29日/AI工作流生成的攻击报文/pcaps/CVE-2018-11141.pcap
CVE-2018-1143,漏洞类/2025年12月29日/AI工作流生成的攻击报文/pcaps/CVE-2018-1143.pcap
CVE-2018-1144,漏洞类/2025年12月29日/AI工作流生成的攻击报文/pcaps/CVE-2018-1144.pcap
CVE-2018-11443,漏洞类/2025年12月29日/AI工作流生成的攻击报文/pcaps/CVE-2018-11443.pcap
CVE-2018-11444,漏洞类/2025年12月29日/AI工作流生成的攻击报文/pcaps/CVE-2018-11444.pcap
CVE-2018-11628,漏洞类/2025年12月29日/AI工作流生成的攻击报文/pcaps/CVE-2018-11628.pcap
CVE-2018-11670,漏洞类/2025年12月29日/AI工作流生成的攻击报文/pcaps/CVE-2018-11670.pcap
CVE-2018-11690,漏洞类/2025年12月29日/AI工作流生成的攻击报文/pcaps/CVE-2018-11690.pcap
CVE-2018-12040,漏洞类/2025年12月29日/AI工作流生成的攻击报文/pcaps/CVE-2018-12040.pcap
CVE-2018-12052,漏洞类/2025年12月29日/AI工作流生成的攻击报文/pcaps/CVE-2018-12052.pcap
CVE-2018-12054,漏洞类/2025年12月29日/AI工作流生成的攻击报文/pcaps/CVE-2018-12054.pcap
CVE-2018-12055,漏洞类/2025年12月29日/AI工作流生成的攻击报文/pcaps/CVE-2018-12055.pcap
CVE-2018-12090,漏洞类/2025年12月29日/AI工作流生成的攻击报文/pcaps/CVE-2018-12090.pcap
CVE-2018-12095,漏洞类/2025年12月29日/AI工作流生成的攻击报文/pcaps/CVE-2018-12095.pcap
CVE-2018-12111,漏洞类/2025年12月29日/AI工作流生成的攻击报文/pcaps/CVE-2018-12111.pcap
CVE-2018-12254,漏洞类/2025年12月29日/AI工作流生成的攻击报文/pcaps/CVE-2018-12254.pcap
CVE-2018-12290,漏洞类/2025年12月29日/AI工作流生成的攻击报文/pcaps/CVE-2018-12290.pcap
CVE-2018-12464,漏洞类/2025年12月29日/AI工作流生成的攻击报文/pcaps/CVE-2018-12464.pcap
CVE-2018-12602,漏洞类/2025年12月29日/AI工作流生成的攻击报文/pcaps/CVE-2018-12602.pcap
CVE-2018-12689,漏洞类/2025年12月29日/AI工作流生成的攻击报文/pcaps/CVE-2018-12689.pcap
CVE-2018-12909,漏洞类/2025年12月29日/AI工作流生成的攻击报文/pcaps/CVE-2018-12909.pcap
CVE-2018-12981,漏洞类/2025年12月29日/AI工作流生成的攻击报文/pcaps/CVE-2018-12981.pcap
CVE-2018-13134,漏洞类/2025年12月29日/AI工作流生成的攻击报文/pcaps/CVE-2018-13134.pcap
CVE-2018-13380,漏洞类/2025年12月29日/AI工作流生成的攻击报文/pcaps/CVE-2018-13380.pcap
CVE-2018-14418,漏洞类/2025年12月29日/AI工作流生成的攻击报文/pcaps/CVE-2018-14418.pcap
CVE-2018-14485,漏洞类/2025年12月29日/AI工作流生成的攻击报文/pcaps/CVE-2018-14485.pcap
CVE-2018-14493,漏洞类/2025年12月29日/AI工作流生成的攻击报文/pcaps/CVE-2018-14493.pcap
CVE-2018-14728,漏洞类/2025年12月29日/AI工作流生成的攻击报文/pcaps/CVE-2018-14728.pcap
CVE-2018-14918,漏洞类/2025年12月29日/AI工作流生成的攻击报文/pcaps/CVE-2018-14918.pcap
CVE-2018-14919,漏洞类/2025年12月29日/AI工作流生成的攻击报文/pcaps/CVE-2018-14919.pcap
CVE-2018-14933,漏洞类/2025年12月29日/AI工作流生成的攻击报文/pcaps/CVE-2018-14933.pcap
CVE-2018-15528,漏洞类/2025年12月29日/AI工作流生成的攻击报文/pcaps/CVE-2018-15528.pcap
CVE-2018-15562,漏洞类/2025年12月29日/AI工作流生成的攻击报文/pcaps/CVE-2018-15562.pcap
CVE-2018-15706,漏洞类/2025年12月29日/AI工作流生成的攻击报文/pcaps/CVE-2018-15706.pcap
CVE-2018-15709,漏洞类/2025年12月29日/AI工作流生成的攻击报文/pcaps/CVE-2018-15709.pcap
CVE-2018-15820,漏洞类/2025年12月29日/AI工作流生成的攻击报文/pcaps/CVE-2018-15820.pcap
CVE-2018-15917,漏洞类/2025年12月29日/AI工作流生成的攻击报文/pcaps/CVE-2018-15917.pcap
CVE-2018-16144,漏洞类/2025年12月29日/AI工作流生成的攻击报文/pcaps/CVE-2018-16144.pcap
CVE-2018-16148,漏洞类/2025年12月29日/AI工作流生成的攻击报文/pcaps/CVE-2018-16148.pcap
CVE-2018-16288,漏洞类/2025年12月29日/AI工作流生成的攻击报文/pcaps/CVE-2018-16288.pcap
CVE-2018-16341,漏洞类/2025年12月29日/AI工作流生成的攻击报文/pcaps/CVE-2018-16341.pcap
CVE-2018-16385,漏洞类/2025年12月29日/AI工作流生成的攻击报文/pcaps/CVE-2018-16385.pcap
CVE-2018-16655,漏洞类/2025年12月29日/AI工作流生成的攻击报文/pcaps/CVE-2018-16655.pcap
CVE-2018-16659,漏洞类/2025年12月29日/AI工作流生成的攻击报文/pcaps/CVE-2018-16659.pcap
CVE-2018-17255,漏洞类/2025年12月29日/AI工作流生成的攻击报文/pcaps/CVE-2018-17255.pcap
CVE-2018-17375,漏洞类/2025年12月29日/AI工作流生成的攻击报文/pcaps/CVE-2018-17375.pcap
CVE-2018-17376,漏洞类/2025年12月29日/AI工作流生成的攻击报文/pcaps/CVE-2018-17376.pcap
CVE-2018-17380,漏洞类/2025年12月29日/AI工作流生成的攻击报文/pcaps/CVE-2018-17380.pcap
CVE-2018-17382,漏洞类/2025年12月29日/AI工作流生成的攻击报文/pcaps/CVE-2018-17382.pcap
CVE-2018-17384,漏洞类/2025年12月29日/AI工作流生成的攻击报文/pcaps/CVE-2018-17384.pcap
CVE-2018-17391,漏洞类/2025年12月29日/AI工作流生成的攻击报文/pcaps/CVE-2018-17391.pcap
CVE-2018-17393,漏洞类/2025年12月29日/AI工作流生成的攻击报文/pcaps/CVE-2018-17393.pcap
CVE-2018-17422,漏洞类/2025年12月29日/AI工作流生成的攻击报文/pcaps/CVE-2018-17422.pcap
CVE-2018-17532,漏洞类/2025年12月29日/AI工作流生成的攻击报文/pcaps/CVE-2018-17532.pcap
CVE-2018-17533,漏洞类/2025年12月29日/AI工作流生成的攻击报文/pcaps/CVE-2018-17533.pcap
CVE-2018-17587,漏洞类/2025年12月29日/AI工作流生成的攻击报文/pcaps/CVE-2018-17587.pcap
CVE-2018-17784,漏洞类/2025年12月29日/AI工作流生成的攻击报文/pcaps/CVE-2018-17784.pcap
CVE-2018-17984,漏洞类/2025年12月29日/AI工作流生成的攻击报文/pcaps/CVE-2018-17984.pcap
CVE-2018-18035,漏洞类/2025年12月29日/AI工作流生成的攻击报文/pcaps/CVE-2018-18035.pcap
CVE-2018-18062,漏洞类/2025年12月29日/AI工作流生成的攻击报文/pcaps/CVE-2018-18062.pcap
CVE-2018-18437,漏洞类/2025年12月29日/AI工作流生成的攻击报文/pcaps/CVE-2018-18437.pcap
CVE-2018-18547,漏洞类/2025年12月29日/AI工作流生成的攻击报文/pcaps/CVE-2018-18547.pcap
CVE-2018-18551,漏洞类/2025年12月29日/AI工作流生成的攻击报文/pcaps/CVE-2018-18551.pcap
CVE-2018-18552,漏洞类/2025年12月29日/AI工作流生成的攻击报文/pcaps/CVE-2018-18552.pcap
CVE-2018-18704,漏洞类/2025年12月29日/AI工作流生成的攻击报文/pcaps/CVE-2018-18704.pcap
CVE-2018-18705,漏洞类/2025年12月29日/AI工作流生成的攻击报文/pcaps/CVE-2018-18705.pcap
CVE-2018-18755,漏洞类/2025年12月29日/AI工作流生成的攻击报文/pcaps/CVE-2018-18755.pcap
CVE-2018-18777,漏洞类/2025年12月29日/AI工作流生成的攻击报文/pcaps/CVE-2018-18777.pcap
CVE-2018-18798,漏洞类/2025年12月29日/AI工作流生成的攻击报文/pcaps/CVE-2018-18798.pcap
CVE-2018-18801,漏洞类/2025年12月29日/AI工作流生成的攻击报文/pcaps/CVE-2018-18801.pcap
CVE-2018-18980,漏洞类/2025年12月29日/AI工作流生成的攻击报文/pcaps/CVE-2018-18980.pcap
CVE-2018-19136,漏洞类/2025年12月29日/AI工作流生成的攻击报文/pcaps/CVE-2018-19136.pcap
CVE-2018-19410,漏洞类/2025年12月29日/AI工作流生成的攻击报文/pcaps/CVE-2018-19410.pcap
CVE-2018-19439,漏洞类/2025年12月29日/AI工作流生成的攻击报文/pcaps/CVE-2018-19439.pcap
CVE-2018-19649,漏洞类/2025年12月29日/AI工作流生成的攻击报文/pcaps/CVE-2018-19649.pcap
CVE-2018-19753,漏洞类/2025年12月29日/AI工作流生成的攻击报文/pcaps/CVE-2018-19753.pcap
CVE-2018-19765,漏洞类/2025年12月29日/AI工作流生成的攻击报文/pcaps/CVE-2018-19765.pcap
CVE-2018-19933,漏洞类/2025年12月29日/AI工作流生成的攻击报文/pcaps/CVE-2018-19933.pcap
CVE-2018-20141,漏洞类/2025年12月29日/AI工作流生成的攻击报文/pcaps/CVE-2018-20141.pcap
CVE-2018-20212,漏洞类/2025年12月29日/AI工作流生成的攻击报文/pcaps/CVE-2018-20212.pcap
CVE-2018-20367,漏洞类/2025年12月29日/AI工作流生成的攻击报文/pcaps/CVE-2018-20367.pcap
CVE-2018-20503,漏洞类/2025年12月29日/AI工作流生成的攻击报文/pcaps/CVE-2018-20503.pcap
CVE-2018-20792,漏洞类/2025年12月29日/AI工作流生成的攻击报文/pcaps/CVE-2018-20792.pcap
CVE-2018-2791,漏洞类/2025年12月29日/AI工作流生成的攻击报文/pcaps/CVE-2018-2791.pcap
CVE-2018-3954,漏洞类/2025年12月29日/AI工作流生成的攻击报文/pcaps/CVE-2018-3954.pcap
CVE-2018-3955,漏洞类/2025年12月29日/AI工作流生成的攻击报文/pcaps/CVE-2018-3955.pcap
CVE-2018-4061,漏洞类/2025年12月29日/AI工作流生成的攻击报文/pcaps/CVE-2018-4061.pcap
CVE-2018-5211,漏洞类/2025年12月29日/AI工作流生成的攻击报文/pcaps/CVE-2018-5211.pcap
CVE-2018-5315,漏洞类/2025年12月29日/AI工作流生成的攻击报文/pcaps/CVE-2018-5315.pcap
CVE-2018-5347,漏洞类/2025年12月29日/AI工作流生成的攻击报文/pcaps/CVE-2018-5347.pcap
CVE-2018-5712,漏洞类/2025年12月29日/AI工作流生成的攻击报文/pcaps/CVE-2018-5712.pcap
CVE-2018-5715,漏洞类/2025年12月29日/AI工作流生成的攻击报文/pcaps/CVE-2018-5715.pcap
CVE-2018-5799,漏洞类/2025年12月29日/AI工作流生成的攻击报文/pcaps/CVE-2018-5799.pcap
CVE-2018-5970,漏洞类/2025年12月29日/AI工作流生成的攻击报文/pcaps/CVE-2018-5970.pcap
CVE-2018-5971,漏洞类/2025年12月29日/AI工作流生成的攻击报文/pcaps/CVE-2018-5971.pcap
CVE-2018-5973,漏洞类/2025年12月29日/AI工作流生成的攻击报文/pcaps/CVE-2018-5973.pcap
CVE-2018-5981,漏洞类/2025年12月29日/AI工作流生成的攻击报文/pcaps/CVE-2018-5981.pcap
CVE-2018-5982,漏洞类/2025年12月29日/AI工作流生成的攻击报文/pcaps/CVE-2018-5982.pcap
CVE-2018-5983,漏洞类/2025年12月29日/AI工作流生成的攻击报文/pcaps/CVE-2018-5983.pcap
CVE-2018-5985,漏洞类/2025年12月29日/AI工作流生成的攻击报文/pcaps/CVE-2018-5985.pcap
CVE-2018-5986,漏洞类/2025年12月29日/AI工作流生成的攻击报文/pcaps/CVE-2018-5986.pcap
CVE-2018-5988,漏洞类/2025年12月29日/AI工作流生成的攻击报文/pcaps/CVE-2018-5988.pcap
CVE-2018-5989,漏洞类/2025年12月29日/AI工作流生成的攻击报文/pcaps/CVE-2018-5989.pcap
CVE-2018-5990,漏洞类/2025年12月29日/AI工作流生成的攻击报文/pcaps/CVE-2018-5990.pcap
CVE-2018-5991,漏洞类/2025年12月29日/AI工作流生成的攻击报文/pcaps/CVE-2018-5991.pcap
CVE-2018-5992,漏洞类/2025年12月29日/AI工作流生成的攻击报文/pcaps/CVE-2018-5992.pcap
CVE-2018-6006,漏洞类/2025年12月29日/AI工作流生成的攻击报文/pcaps/CVE-2018-6006.pcap
CVE-2018-6193,漏洞类/2025年12月29日/AI工作流生成的攻击报文/pcaps/CVE-2018-6193.pcap
CVE-2018-6194,漏洞类/2025年12月29日/AI工作流生成的攻击报文/pcaps/CVE-2018-6194.pcap
CVE-2018-6361,漏洞类/2025年12月29日/AI工作流生成的攻击报文/pcaps/CVE-2018-6361.pcap
CVE-2018-6370,漏洞类/2025年12月29日/AI工作流生成的攻击报文/pcaps/CVE-2018-6370.pcap
CVE-2018-6372,漏洞类/2025年12月29日/AI工作流生成的攻击报文/pcaps/CVE-2018-6372.pcap
CVE-2018-6396,漏洞类/2025年12月29日/AI工作流生成的攻击报文/pcaps/CVE-2018-6396.pcap
CVE-2018-6397,漏洞类/2025年12月29日/AI工作流生成的攻击报文/pcaps/CVE-2018-6397.pcap
CVE-2018-6398,漏洞类/2025年12月29日/AI工作流生成的攻击报文/pcaps/CVE-2018-6398.pcap
CVE-2018-6409,漏洞类/2025年12月29日/AI工作流生成的攻击报文/pcaps/CVE-2018-6409.pcap
CVE-2018-6575,漏洞类/2025年12月29日/AI工作流生成的攻击报文/pcaps/CVE-2018-6575.pcap
CVE-2018-6578,漏洞类/2025年12月29日/AI工作流生成的攻击报文/pcaps/CVE-2018-6578.pcap
CVE-2018-6581,漏洞类/2025年12月29日/AI工作流生成的攻击报文/pcaps/CVE-2018-6581.pcap
CVE-2018-6604,漏洞类/2025年12月29日/AI工作流生成的攻击报文/pcaps/CVE-2018-6604.pcap
CVE-2018-6911,漏洞类/2025年12月29日/AI工作流生成的攻击报文/pcaps/CVE-2018-6911.pcap
CVE-2018-6961,漏洞类/2025年12月29日/AI工作流生成的攻击报文/pcaps/CVE-2018-6961.pcap
CVE-2018-7179,漏洞类/2025年12月29日/AI工作流生成的攻击报文/pcaps/CVE-2018-7179.pcap
CVE-2018-7314,漏洞类/2025年12月29日/AI工作流生成的攻击报文/pcaps/CVE-2018-7314.pcap
CVE-2018-7355,漏洞类/2025年12月29日/AI工作流生成的攻击报文/pcaps/CVE-2018-7355.pcap
CVE-2018-7467,漏洞类/2025年12月29日/AI工作流生成的攻击报文/pcaps/CVE-2018-7467.pcap
CVE-2018-7543,漏洞类/2025年12月29日/AI工作流生成的攻击报文/pcaps/CVE-2018-7543.pcap
CVE-2018-7662,漏洞类/2025年12月29日/AI工作流生成的攻击报文/pcaps/CVE-2018-7662.pcap
CVE-2018-8045,漏洞类/2025年12月29日/AI工作流生成的攻击报文/pcaps/CVE-2018-8045.pcap
CVE-2018-9034,漏洞类/2025年12月29日/AI工作流生成的攻击报文/pcaps/CVE-2018-9034.pcap
CVE-2018-9173,漏洞类/2025年12月29日/AI工作流生成的攻击报文/pcaps/CVE-2018-9173.pcap
CVE-2018-9205,漏洞类/2025年12月29日/AI工作流生成的攻击报文/pcaps/CVE-2018-9205.pcap
CVE-2018-9238,漏洞类/2025年12月29日/AI工作流生成的攻击报文/pcaps/CVE-2018-9238.pcap
CVE-2018-9245,漏洞类/2025年12月29日/AI工作流生成的攻击报文/pcaps/CVE-2018-9245.pcap
CVE-2018-9276,漏洞类/2025年12月29日/AI工作流生成的攻击报文/pcaps/CVE-2018-9276.pcap
CVE-2018-9844,漏洞类/2025年12月29日/AI工作流生成的攻击报文/pcaps/CVE-2018-9844.pcap
CVE-2019-0221,漏洞类/2025年12月29日/AI工作流生成的攻击报文/pcaps/CVE-2019-0221.pcap
CVE-2019-1010124,漏洞类/2025年12月29日/AI工作流生成的攻击报文/pcaps/CVE-2019-1010124.pcap
CVE-2019-10226,漏洞类/2025年12月29日/AI工作流生成的攻击报文/pcaps/CVE-2019-10226.pcap
CVE-2019-10232,漏洞类/2025年12月29日/AI工作流生成的攻击报文/pcaps/CVE-2019-10232.pcap
CVE-2019-10272,漏洞类/2025年12月29日/AI工作流生成的攻击报文/pcaps/CVE-2019-10272.pcap
CVE-2019-10632,漏洞类/2025年12月29日/AI工作流生成的攻击报文/pcaps/CVE-2019-10632.pcap
CVE-2019-10633,漏洞类/2025年12月29日/AI工作流生成的攻击报文/pcaps/CVE-2019-10633.pcap
CVE-2019-10669,漏洞类/2025年12月29日/AI工作流生成的攻击报文/pcaps/CVE-2019-10669.pcap
CVE-2019-10692,漏洞类/2025年12月29日/AI工作流生成的攻击报文/pcaps/CVE-2019-10692.pcap
CVE-2019-10717,漏洞类/2025年12月29日/AI工作流生成的攻击报文/pcaps/CVE-2019-10717.pcap
CVE-2019-10718,漏洞类/2025年12月29日/AI工作流生成的攻击报文/pcaps/CVE-2019-10718.pcap
CVE-2019-10846,漏洞类/2025年12月29日/AI工作流生成的攻击报文/pcaps/CVE-2019-10846.pcap
CVE-2019-11013,漏洞类/2025年12月29日/AI工作流生成的攻击报文/pcaps/CVE-2019-11013.pcap
CVE-2019-11448,漏洞类/2025年12月29日/AI工作流生成的攻击报文/pcaps/CVE-2019-11448.pcap
CVE-2019-11504,漏洞类/2025年12月29日/AI工作流生成的攻击报文/pcaps/CVE-2019-11504.pcap
CVE-2022-28915,漏洞类/2025年12月8日/AI工作流生成的攻击报文/CVE-2022-28915.pcap
CVE-2022-29006,漏洞类/2025年12月8日/AI工作流生成的攻击报文/CVE-2022-29006.pcap
CVE-2022-29007,漏洞类/2025年12月8日/AI工作流生成的攻击报文/CVE-2022-29007.pcap
CVE-2022-29009,漏洞类/2025年12月8日/AI工作流生成的攻击报文/CVE-2022-29009.pcap
CVE-2022-29013,漏洞类/2025年12月8日/AI工作流生成的攻击报文/CVE-2022-29013.pcap
CVE-2022-29014,漏洞类/2025年12月8日/AI工作流生成的攻击报文/CVE-2022-29014.pcap
CVE-2022-29034,漏洞类/2025年12月8日/AI工作流生成的攻击报文/CVE-2022-29034.pcap
CVE-2022-29078,漏洞类/2025年12月8日/AI工作流生成的攻击报文/CVE-2022-29078.pcap
CVE-2022-29296,漏洞类/2025年12月8日/AI工作流生成的攻击报文/CVE-2022-29296.pcap
CVE-2022-29298,漏洞类/2025年12月8日/AI工作流生成的攻击报文/CVE-2022-29298.pcap
CVE-2022-29299,漏洞类/2025年12月8日/AI工作流生成的攻击报文/CVE-2022-29299.pcap
CVE-2022-29301,漏洞类/2025年12月8日/AI工作流生成的攻击报文/CVE-2022-29301.pcap
CVE-2022-29337,漏洞类/2025年12月8日/AI工作流生成的攻击报文/CVE-2022-29337.pcap
CVE-2022-29517,漏洞类/2025年12月8日/AI工作流生成的攻击报文/CVE-2022-29517.pcap
CVE-2022-29660,漏洞类/2025年12月8日/AI工作流生成的攻击报文/CVE-2022-29660.pcap
CVE-2022-30047,漏洞类/2025年12月8日/AI工作流生成的攻击报文/CVE-2022-30047.pcap
CVE-2022-30048,漏洞类/2025年12月8日/AI工作流生成的攻击报文/CVE-2022-30048.pcap
CVE-2022-30105,漏洞类/2025年12月8日/AI工作流生成的攻击报文/CVE-2022-30105.pcap
CVE-2022-30489,漏洞类/2025年12月8日/AI工作流生成的攻击报文/CVE-2022-30489.pcap
CVE-2022-30508,漏洞类/2025年12月8日/AI工作流生成的攻击报文/CVE-2022-30508.pcap
CVE-2022-30534,漏洞类/2025年12月8日/AI工作流生成的攻击报文/CVE-2022-30534.pcap
CVE-2022-30776,漏洞类/2025年12月8日/AI工作流生成的攻击报文/CVE-2022-30776.pcap
CVE-2022-30777,漏洞类/2025年12月8日/AI工作流生成的攻击报文/CVE-2022-30777.pcap
CVE-2022-31056,漏洞类/2025年12月8日/AI工作流生成的攻击报文/CVE-2022-31056.pcap
CVE-2022-31061,漏洞类/2025年12月8日/AI工作流生成的攻击报文/CVE-2022-31061.pcap
CVE-2022-31097,漏洞类/2025年12月8日/AI工作流生成的攻击报文/CVE-2022-31097.pcap
CVE-2022-31161,漏洞类/2025年12月8日/AI工作流生成的攻击报文/CVE-2022-31161.pcap
CVE-2022-31268,漏洞类/2025年12月8日/AI工作流生成的攻击报文/CVE-2022-31268.pcap
CVE-2022-31299,漏洞类/2025年12月8日/AI工作流生成的攻击报文/CVE-2022-31299.pcap
CVE-2022-31325,漏洞类/2025年12月8日/AI工作流生成的攻击报文/CVE-2022-31325.pcap
CVE-2022-31373,漏洞类/2025年12月8日/AI工作流生成的攻击报文/CVE-2022-31373.pcap
CVE-2022-31390,漏洞类/2025年12月8日/AI工作流生成的攻击报文/CVE-2022-31390.pcap
CVE-2022-31446,漏洞类/2025年12月8日/AI工作流生成的攻击报文/CVE-2022-31446.pcap
CVE-2022-31499,漏洞类/2025年12月8日/AI工作流生成的攻击报文/CVE-2022-31499.pcap
CVE-2022-31798,漏洞类/2025年12月8日/AI工作流生成的攻击报文/CVE-2022-31798.pcap
CVE-2022-31874,漏洞类/2025年12月8日/AI工作流生成的攻击报文/CVE-2022-31874.pcap
CVE-2022-32015,漏洞类/2025年12月8日/AI工作流生成的攻击报文/CVE-2022-32015.pcap
CVE-2022-32018,漏洞类/2025年12月8日/AI工作流生成的攻击报文/CVE-2022-32018.pcap
CVE-2022-32022,漏洞类/2025年12月8日/AI工作流生成的攻击报文/CVE-2022-32022.pcap
CVE-2022-32024,漏洞类/2025年12月8日/AI工作流生成的攻击报文/CVE-2022-32024.pcap
CVE-2022-32025,漏洞类/2025年12月8日/AI工作流生成的攻击报文/CVE-2022-32025.pcap
CVE-2022-32026,漏洞类/2025年12月8日/AI工作流生成的攻击报文/CVE-2022-32026.pcap
CVE-2022-32028,漏洞类/2025年12月8日/AI工作流生成的攻击报文/CVE-2022-32028.pcap
CVE-2022-32195,漏洞类/2025年12月8日/AI工作流生成的攻击报文/CVE-2022-32195.pcap
CVE-2022-32409,漏洞类/2025年12月8日/AI工作流生成的攻击报文/CVE-2022-32409.pcap
CVE-2022-32573,漏洞类/2025年12月8日/AI工作流生成的攻击报文/CVE-2022-32573.pcap
CVE-2022-32772,漏洞类/2025年12月8日/AI工作流生成的攻击报文/CVE-2022-32772.pcap
CVE-2022-33094,漏洞类/2025年12月8日/AI工作流生成的攻击报文/CVE-2022-33094.pcap
CVE-2022-3323,漏洞类/2025年12月8日/AI工作流生成的攻击报文/CVE-2022-3323.pcap
CVE-2022-33901,漏洞类/2025年12月8日/AI工作流生成的攻击报文/CVE-2022-33901.pcap
CVE-2022-33965,漏洞类/2025年12月8日/AI工作流生成的攻击报文/CVE-2022-33965.pcap
CVE-2022-34048,漏洞类/2025年12月8日/AI工作流生成的攻击报文/CVE-2022-34048.pcap
CVE-2022-34121,漏洞类/2025年12月8日/AI工作流生成的攻击报文/CVE-2022-34121.pcap
CVE-2022-34328,漏洞类/2025年12月8日/AI工作流生成的攻击报文/CVE-2022-34328.pcap
CVE-2022-34537,漏洞类/2025年12月8日/AI工作流生成的攻击报文/CVE-2022-34537.pcap
CVE-2022-34538,漏洞类/2025年12月8日/AI工作流生成的攻击报文/CVE-2022-34538.pcap
CVE-2022-34590,漏洞类/2025年12月8日/AI工作流生成的攻击报文/CVE-2022-34590.pcap
CVE-2022-34595,漏洞类/2025年12月8日/AI工作流生成的攻击报文/CVE-2022-34595.pcap
CVE-2022-35151,漏洞类/2025年12月8日/AI工作流生成的攻击报文/CVE-2022-35151.pcap
CVE-2022-35154,漏洞类/2025年12月8日/AI工作流生成的攻击报文/CVE-2022-35154.pcap
CVE-2022-35416,漏洞类/2025年12月8日/AI工作流生成的攻击报文/CVE-2022-35416.pcap
CVE-2022-35493,漏洞类/2025年12月8日/AI工作流生成的攻击报文/CVE-2022-35493.pcap
CVE-2022-3562,漏洞类/2025年12月8日/AI工作流生成的攻击报文/CVE-2022-3562.pcap
CVE-2022-36267,漏洞类/2025年12月8日/AI工作流生成的攻击报文/CVE-2022-36267.pcap
CVE-2022-36578,漏洞类/2025年12月8日/AI工作流生成的攻击报文/CVE-2022-36578.pcap
CVE-2022-36642,漏洞类/2025年12月8日/AI工作流生成的攻击报文/CVE-2022-36642.pcap
CVE-2022-37122,漏洞类/2025年12月8日/AI工作流生成的攻击报文/CVE-2022-37122.pcap
CVE-2022-37123,漏洞类/2025年12月8日/AI工作流生成的攻击报文/CVE-2022-37123.pcap
CVE-2022-37129,漏洞类/2025年12月8日/AI工作流生成的攻击报文/CVE-2022-37129.pcap
CVE-2022-37153,漏洞类/2025年12月8日/AI工作流生成的攻击报文/CVE-2022-37153.pcap
CVE-2022-37299,漏洞类/2025年12月8日/AI工作流生成的攻击报文/CVE-2022-37299.pcap
CVE-2022-37810,漏洞类/2025年12月8日/AI工作流生成的攻击报文/CVE-2022-37810.pcap
CVE-2022-38463,漏洞类/2025年12月8日/AI工作流生成的攻击报文/CVE-2022-38463.pcap
CVE-2022-38553,漏洞类/2025年12月8日/AI工作流生成的攻击报文/CVE-2022-38553.pcap
CVE-2022-38637,漏洞类/2025年12月8日/AI工作流生成的攻击报文/CVE-2022-38637.pcap
CVE-2022-40022,漏洞类/2025年12月8日/AI工作流生成的攻击报文/CVE-2022-40022.pcap
CVE-2022-40734,漏洞类/2025年12月8日/AI工作流生成的攻击报文/CVE-2022-40734.pcap
CVE-2022-4140,漏洞类/2025年12月8日/AI工作流生成的攻击报文/CVE-2022-4140.pcap
CVE-2022-41473,漏洞类/2025年12月8日/AI工作流生成的攻击报文/CVE-2022-41473.pcap
CVE-2022-42053,漏洞类/2025年12月8日/AI工作流生成的攻击报文/CVE-2022-42053.pcap
CVE-2022-4447,漏洞类/2025年12月8日/AI工作流生成的攻击报文/CVE-2022-4447.pcap
CVE-2022-45030,漏洞类/2025年12月8日/AI工作流生成的攻击报文/CVE-2022-45030.pcap
CVE-2022-45362,漏洞类/2025年12月8日/AI工作流生成的攻击报文/CVE-2022-45362.pcap
CVE-2022-45365,漏洞类/2025年12月8日/AI工作流生成的攻击报文/CVE-2022-45365.pcap
CVE-2022-45506,漏洞类/2025年12月8日/AI工作流生成的攻击报文/CVE-2022-45506.pcap
CVE-2022-4566,漏洞类/2025年12月8日/AI工作流生成的攻击报文/CVE-2022-4566.pcap
CVE-2022-45977,漏洞类/2025年12月8日/AI工作流生成的攻击报文/CVE-2022-45977.pcap
CVE-2022-46538,漏洞类/2025年12月8日/AI工作流生成的攻击报文/CVE-2022-46538.pcap
CVE-2022-47745,漏洞类/2025年12月8日/AI工作流生成的攻击报文/CVE-2022-47745.pcap
CVE-2023-0448,漏洞类/2025年12月8日/AI工作流生成的攻击报文/CVE-2023-0448.pcap
CVE-2023-0562,漏洞类/2025年12月8日/AI工作流生成的攻击报文/CVE-2023-0562.pcap
CVE-2023-0830,漏洞类/2025年12月8日/AI工作流生成的攻击报文/CVE-2023-0830.pcap
CVE-2023-0861,漏洞类/2025年12月8日/AI工作流生成的攻击报文/CVE-2023-0861.pcap
CVE-2023-1162,漏洞类/2025年12月8日/AI工作流生成的攻击报文/CVE-2023-1162.pcap
CVE-2023-1177,漏洞类/2025年12月8日/AI工作流生成的攻击报文/CVE-2023-1177.pcap
CVE-2023-1434,漏洞类/2025年12月8日/AI工作流生成的攻击报文/CVE-2023-1434.pcap
CVE-2023-1454,漏洞类/2025年12月8日/AI工作流生成的攻击报文/CVE-2023-1454.pcap
CVE-2023-20110,漏洞类/2025年12月8日/AI工作流生成的攻击报文/CVE-2023-20110.pcap
CVE-2023-22629,漏洞类/2025年12月8日/AI工作流生成的攻击报文/CVE-2023-22629.pcap
CVE-2023-22984,漏洞类/2025年12月8日/AI工作流生成的攻击报文/CVE-2023-22984.pcap
CVE-2023-23063,漏洞类/2025年12月8日/AI工作流生成的攻击报文/CVE-2023-23063.pcap
CVE-2023-23294,漏洞类/2025年12月8日/AI工作流生成的攻击报文/CVE-2023-23294.pcap
CVE-2023-23333,漏洞类/2025年12月8日/AI工作流生成的攻击报文/CVE-2023-23333.pcap
CVE-2023-23488,漏洞类/2025年12月8日/AI工作流生成的攻击报文/CVE-2023-23488.pcap
CVE-2023-23489,漏洞类/2025年12月8日/AI工作流生成的攻击报文/CVE-2023-23489.pcap
CVE-2023-23491,漏洞类/2025年12月8日/AI工作流生成的攻击报文/CVE-2023-23491.pcap
CVE-2023-23492,漏洞类/2025年12月8日/AI工作流生成的攻击报文/CVE-2023-23492.pcap
CVE-2023-2356,漏洞类/2025年12月8日/AI工作流生成的攻击报文/CVE-2023-2356.pcap
CVE-2023-24187,漏洞类/2025年12月8日/AI工作流生成的攻击报文/CVE-2023-24187.pcap
CVE-2023-24488,漏洞类/2025年12月8日/AI工作流生成的攻击报文/CVE-2023-24488.pcap
CVE-2023-24641,漏洞类/2025年12月8日/AI工作流生成的攻击报文/CVE-2023-24641.pcap
CVE-2023-24789,漏洞类/2025年12月8日/AI工作流生成的攻击报文/CVE-2023-24789.pcap
CVE-2023-25265,漏洞类/2025年12月8日/AI工作流生成的攻击报文/CVE-2023-25265.pcap
CVE-2023-25814,漏洞类/2025年12月8日/AI工作流生成的攻击报文/CVE-2023-25814.pcap
CVE-2023-25826,漏洞类/2025年12月8日/AI工作流生成的攻击报文/CVE-2023-25826.pcap
CVE-2023-26255,漏洞类/2025年12月8日/AI工作流生成的攻击报文/CVE-2023-26255.pcap
CVE-2023-26492,漏洞类/2025年12月8日/AI工作流生成的攻击报文/CVE-2023-26492.pcap
CVE-2023-26609,漏洞类/2025年12月8日/AI工作流生成的攻击报文/CVE-2023-26609.pcap
CVE-2023-26800,漏洞类/2025年12月8日/AI工作流生成的攻击报文/CVE-2023-26800.pcap
CVE-2023-26801,漏洞类/2025年12月8日/AI工作流生成的攻击报文/CVE-2023-26801.pcap
CVE-2023-26948,漏洞类/2025年12月8日/AI工作流生成的攻击报文/CVE-2023-26948.pcap
CVE-2023-27076,漏洞类/2025年12月8日/AI工作流生成的攻击报文/CVE-2023-27076.pcap
CVE-2023-27163,漏洞类/2025年12月8日/AI工作流生成的攻击报文/CVE-2023-27163.pcap
CVE-2023-27179,漏洞类/2025年12月8日/AI工作流生成的攻击报文/CVE-2023-27179.pcap
CVE-2023-27700,漏洞类/2025年12月8日/AI工作流生成的攻击报文/CVE-2023-27700.pcap
CVE-2023-27796,漏洞类/2025年12月8日/AI工作流生成的攻击报文/CVE-2023-27796.pcap
CVE-2023-27826,漏洞类/2025年12月8日/AI工作流生成的攻击报文/CVE-2023-27826.pcap
CVE-2023-27837,漏洞类/2025年12月8日/AI工作流生成的攻击报文/CVE-2023-27837.pcap
CVE-2023-28343,漏洞类/2025年12月8日/AI工作流生成的攻击报文/CVE-2023-28343.pcap
CVE-2023-29489,漏洞类/2025年12月8日/AI工作流生成的攻击报文/CVE-2023-29489.pcap
CVE-2023-29919,漏洞类/2025年12月8日/AI工作流生成的攻击报文/CVE-2023-29919.pcap
CVE-2023-30380,漏洞类/2025年12月8日/AI工作流生成的攻击报文/CVE-2023-30380.pcap
CVE-2023-31983,漏洞类/2025年12月8日/AI工作流生成的攻击报文/CVE-2023-31983.pcap
CVE-2023-31985,漏洞类/2025年12月8日/AI工作流生成的攻击报文/CVE-2023-31985.pcap
CVE-2023-31986,漏洞类/2025年12月8日/AI工作流生成的攻击报文/CVE-2023-31986.pcap
CVE-2023-33510,漏洞类/2025年12月8日/AI工作流生成的攻击报文/CVE-2023-33510.pcap
CVE-2023-33538,漏洞类/2025年12月8日/AI工作流生成的攻击报文/CVE-2023-33538.pcap
CVE-2023-34124,漏洞类/2025年12月8日/AI工作流生成的攻击报文/CVE-2023-34124.pcap
CVE-2023-3450,漏洞类/2025年12月8日/AI工作流生成的攻击报文/CVE-2023-3450.pcap
CVE-2023-34598,漏洞类/2025年12月8日/AI工作流生成的攻击报文/CVE-2023-34598.pcap
CVE-2023-34659,漏洞类/2025年12月8日/AI工作流生成的攻击报文/CVE-2023-34659.pcap
CVE-2023-34843,漏洞类/2025年12月8日/AI工作流生成的攻击报文/CVE-2023-34843.pcap
CVE-2023-34939,漏洞类/2025年12月8日/AI工作流生成的攻击报文/CVE-2023-34939.pcap
CVE-2023-34960,漏洞类/2025年12月8日/AI工作流生成的攻击报文/CVE-2023-34960.pcap
CVE-2023-3526,漏洞类/2025年12月8日/AI工作流生成的攻击报文/CVE-2023-3526.pcap
CVE-2023-35843,漏洞类/2025年12月8日/AI工作流生成的攻击报文/CVE-2023-35843.pcap
CVE-2023-35844,漏洞类/2025年12月8日/AI工作流生成的攻击报文/CVE-2023-35844.pcap
CVE-2023-36255,漏洞类/2025年12月8日/AI工作流生成的攻击报文/CVE-2023-36255.pcap
CVE-2023-3765,漏洞类/2025年12月8日/AI工作流生成的攻击报文/CVE-2023-3765.pcap
CVE-2023-37679,漏洞类/2025年12月8日/AI工作流生成的攻击报文/CVE-2023-37679.pcap
CVE-2023-37794,漏洞类/2025年12月8日/AI工作流生成的攻击报文/CVE-2023-37794.pcap
CVE-2023-38861,漏洞类/2025年12月8日/AI工作流生成的攻击报文/CVE-2023-38861.pcap
CVE-2023-38862,漏洞类/2025年12月8日/AI工作流生成的攻击报文/CVE-2023-38862.pcap
CVE-2023-38992,漏洞类/2025年12月8日/AI工作流生成的攻击报文/CVE-2023-38992.pcap
CVE-2023-40748,漏洞类/2025年12月8日/AI工作流生成的攻击报文/CVE-2023-40748.pcap
CVE-2023-41109,漏洞类/2025年12月8日/AI工作流生成的攻击报文/CVE-2023-41109.pcap
CVE-2023-41538,漏洞类/2025年12月8日/AI工作流生成的攻击报文/CVE-2023-41538.pcap
CVE-2023-41599,漏洞类/2025年12月8日/AI工作流生成的攻击报文/CVE-2023-41599.pcap
CVE-2023-4165,漏洞类/2025年12月8日/AI工作流生成的攻击报文/CVE-2023-4165.pcap
CVE-2023-42325,漏洞类/2025年12月8日/AI工作流生成的攻击报文/CVE-2023-42325.pcap
CVE-2023-42326,漏洞类/2025年12月8日/AI工作流生成的攻击报文/CVE-2023-42326.pcap
CVE-2023-43662,漏洞类/2025年12月8日/AI工作流生成的攻击报文/CVE-2023-43662.pcap
CVE-2023-44694,漏洞类/2025年12月8日/AI工作流生成的攻击报文/CVE-2023-44694.pcap
CVE-2023-4542,漏洞类/2025年12月8日/AI工作流生成的攻击报文/CVE-2023-4542.pcap
CVE-2023-4568,漏洞类/2025年12月8日/AI工作流生成的攻击报文/CVE-2023-4568.pcap
CVE-2019-20197,漏洞类/2026年1月12日/AI工作流生成的有CVE编号的攻击报文/CVE-2019-20197.pcap
CVE-2020-23160,漏洞类/2026年1月12日/AI工作流生成的有CVE编号的攻击报文/CVE-2020-23160.pcap
CVE-2020-36333,漏洞类/2026年1月12日/AI工作流生成的有CVE编号的攻击报文/CVE-2020-36333.pcap
CVE-2021-39503,漏洞类/2026年1月12日/AI工作流生成的有CVE编号的攻击报文/CVE-2021-39503.pcap
CVE-2021-40323,漏洞类/2026年1月12日/AI工作流生成的有CVE编号的攻击报文/CVE-2021-40323.pcap
CVE-2021-42183,漏洞类/2026年1月12日/AI工作流生成的有CVE编号的攻击报文/CVE-2021-42183.pcap
CVE-2021-42887,漏洞类/2026年1月12日/AI工作流生成的有CVE编号的攻击报文/CVE-2021-42887.pcap
CVE-2021-44910,漏洞类/2026年1月12日/AI工作流生成的有CVE编号的攻击报文/CVE-2021-44910.pcap
CVE-2022-23513,漏洞类/2026年1月12日/AI工作流生成的有CVE编号的攻击报文/CVE-2022-23513.pcap
CVE-2022-33329,漏洞类/2026年1月12日/AI工作流生成的有CVE编号的攻击报文/CVE-2022-33329.pcap
CVE-2022-36462,漏洞类/2026年1月12日/AI工作流生成的有CVE编号的攻击报文/CVE-2022-36462.pcap
CVE-2022-37027,漏洞类/2026年1月12日/AI工作流生成的有CVE编号的攻击报文/CVE-2022-37027.pcap
CVE-2022-37128,漏洞类/2026年1月12日/AI工作流生成的有CVE编号的攻击报文/CVE-2022-37128.pcap
CVE-2022-37807,漏洞类/2026年1月12日/AI工作流生成的有CVE编号的攻击报文/CVE-2022-37807.pcap
CVE-2022-37809,漏洞类/2026年1月12日/AI工作流生成的有CVE编号的攻击报文/CVE-2022-37809.pcap
CVE-2022-43183,漏洞类/2026年1月12日/AI工作流生成的有CVE编号的攻击报文/CVE-2022-43183.pcap
CVE-2023-1698,漏洞类/2026年1月12日/AI工作流生成的有CVE编号的攻击报文/CVE-2023-1698.pcap
CVE-2023-2227,漏洞类/2026年1月12日/AI工作流生成的有CVE编号的攻击报文/CVE-2023-2227.pcap
CVE-2023-22463,漏洞类/2026年1月12日/AI工作流生成的有CVE编号的攻击报文/CVE-2023-22463.pcap
CVE-2023-22480,漏洞类/2026年1月12日/AI工作流生成的有CVE编号的攻击报文/CVE-2023-22480.pcap
CVE-2023-2732,漏洞类/2026年1月12日/AI工作流生成的有CVE编号的攻击报文/CVE-2023-2732.pcap
CVE-2023-2982,漏洞类/2026年1月12日/AI工作流生成的有CVE编号的攻击报文/CVE-2023-2982.pcap
CVE-2023-29922,漏洞类/2026年1月12日/AI工作流生成的有CVE编号的攻击报文/CVE-2023-29922.pcap
CVE-2023-32117,漏洞类/2026年1月12日/AI工作流生成的有CVE编号的攻击报文/CVE-2023-32117.pcap
CVE-2023-33568,漏洞类/2026年1月12日/AI工作流生成的有CVE编号的攻击报文/CVE-2023-33568.pcap
CVE-2023-36144,漏洞类/2026年1月12日/AI工作流生成的有CVE编号的攻击报文/CVE-2023-36144.pcap
CVE-2023-39677,漏洞类/2026年1月12日/AI工作流生成的有CVE编号的攻击报文/CVE-2023-39677.pcap
CVE-2023-48292,漏洞类/2026年1月12日/AI工作流生成的有CVE编号的攻击报文/CVE-2023-48292.pcap
CVE-2023-6505,漏洞类/2026年1月12日/AI工作流生成的有CVE编号的攻击报文/CVE-2023-6505.pcap
CVE-2024-0235,漏洞类/2026年1月12日/AI工作流生成的有CVE编号的攻击报文/CVE-2024-0235.pcap
CVE-2024-0579,漏洞类/2026年1月12日/AI工作流生成的有CVE编号的攻击报文/CVE-2024-0579.pcap
CVE-2024-1380,漏洞类/2026年1月12日/AI工作流生成的有CVE编号的攻击报文/CVE-2024-1380.pcap
CVE-2024-20439,漏洞类/2026年1月12日/AI工作流生成的有CVE编号的攻击报文/CVE-2024-20439.pcap
CVE-2024-20440,漏洞类/2026年1月12日/AI工作流生成的有CVE编号的攻击报文/CVE-2024-20440.pcap
CVE-2024-22476,漏洞类/2026年1月12日/AI工作流生成的有CVE编号的攻击报文/CVE-2024-22476.pcap
CVE-2024-24809,漏洞类/2026年1月12日/AI工作流生成的有CVE编号的攻击报文/CVE-2024-24809.pcap
CVE-2024-26331,漏洞类/2026年1月12日/AI工作流生成的有CVE编号的攻击报文/CVE-2024-26331.pcap
CVE-2024-31621,漏洞类/2026年1月12日/AI工作流生成的有CVE编号的攻击报文/CVE-2024-31621.pcap
CVE-2024-33113,漏洞类/2026年1月12日/AI工作流生成的有CVE编号的攻击报文/CVE-2024-33113.pcap
CVE-2024-38366,漏洞类/2026年1月12日/AI工作流生成的有CVE编号的攻击报文/CVE-2024-38366.pcap
CVE-2024-45591,漏洞类/2026年1月12日/AI工作流生成的有CVE编号的攻击报文/CVE-2024-45591.pcap
CVE-2024-51977,漏洞类/2026年1月12日/AI工作流生成的有CVE编号的攻击报文/CVE-2024-51977.pcap
CVE-2024-54761,漏洞类/2026年1月12日/AI工作流生成的有CVE编号的攻击报文/CVE-2024-54761.pcap
CVE-2024-58258,漏洞类/2026年1月12日/AI工作流生成的有CVE编号的攻击报文/CVE-2024-58258.pcap
CVE-2024-6846,漏洞类/2026年1月12日/AI工作流生成的有CVE编号的攻击报文/CVE-2024-6846.pcap
CVE-2024-7339,漏洞类/2026年1月12日/AI工作流生成的有CVE编号的攻击报文/CVE-2024-7339.pcap
CVE-2024-8956,漏洞类/2026年1月12日/AI工作流生成的有CVE编号的攻击报文/CVE-2024-8956.pcap
CVE-2025-12055,漏洞类/2026年1月12日/AI工作流生成的有CVE编号的攻击报文/CVE-2025-12055.pcap
CVE-2025-26793,漏洞类/2026年1月12日/AI工作流生成的有CVE编号的攻击报文/CVE-2025-26793.pcap
CVE-2025-27007,漏洞类/2026年1月12日/AI工作流生成的有CVE编号的攻击报文/CVE-2025-27007.pcap
CVE-2025-27112,漏洞类/2026年1月12日/AI工作流生成的有CVE编号的攻击报文/CVE-2025-27112.pcap
CVE-2025-34322,漏洞类/2026年1月12日/AI工作流生成的有CVE编号的攻击报文/CVE-2025-34322.pcap
CVE-2025-41646,漏洞类/2026年1月12日/AI工作流生成的有CVE编号的攻击报文/CVE-2025-41646.pcap
CVE-2025-46554,漏洞类/2026年1月12日/AI工作流生成的有CVE编号的攻击报文/CVE-2025-46554.pcap
CVE-2025-54125,漏洞类/2026年1月12日/AI工作流生成的有CVE编号的攻击报文/CVE-2025-54125.pcap
CVE-2025-55150,漏洞类/2026年1月12日/AI工作流生成的有CVE编号的攻击报文/CVE-2025-55150.pcap
CVE-2025-55182,漏洞类/2026年1月12日/AI工作流生成的有CVE编号的攻击报文/CVE-2025-55182.pcap
CVE-2025-7206,漏洞类/2026年1月12日/AI工作流生成的有CVE编号的攻击报文/CVE-2025-7206.pcap
CVE-2025-7798,漏洞类/2026年1月12日/AI工作流生成的有CVE编号的攻击报文/CVE-2025-7798.pcap
CVE-2025-8085,漏洞类/2026年1月12日/AI工作流生成的有CVE编号的攻击报文/CVE-2025-8085.pcap
CVE-2025-8227,漏洞类/2026年1月12日/AI工作流生成的有CVE编号的攻击报文/CVE-2025-8227.pcap
CVE-2000-0126,漏洞类/2026年1月6日/AI工作流生成的攻击报文/CVE-2000-0126.pcap
CVE-2003-0394,漏洞类/2026年1月6日/AI工作流生成的攻击报文/CVE-2003-0394.pcap
CVE-2007-1232,漏洞类/2026年1月6日/AI工作流生成的攻击报文/CVE-2007-1232.pcap
CVE-2007-2969,漏洞类/2026年1月6日/AI工作流生成的攻击报文/CVE-2007-2969.pcap
CVE-2008-2165,漏洞类/2026年1月6日/AI工作流生成的攻击报文/CVE-2008-2165.pcap
CVE-2008-6087,漏洞类/2026年1月6日/AI工作流生成的攻击报文/CVE-2008-6087.pcap
CVE-2009-2288,漏洞类/2026年1月6日/AI工作流生成的攻击报文/CVE-2009-2288.pcap
CVE-2011-1264,漏洞类/2026年1月6日/AI工作流生成的攻击报文/CVE-2011-1264.pcap
CVE-2011-4451,漏洞类/2026年1月6日/AI工作流生成的攻击报文/CVE-2011-4451.pcap
CVE-2012-3399,漏洞类/2026年1月6日/AI工作流生成的攻击报文/CVE-2012-3399.pcap
CVE-2013-0136,漏洞类/2026年1月6日/AI工作流生成的攻击报文/CVE-2013-0136.pcap
CVE-2013-1942,漏洞类/2026年1月6日/AI工作流生成的攻击报文/CVE-2013-1942.pcap
CVE-2013-2578,漏洞类/2026年1月6日/AI工作流生成的攻击报文/CVE-2013-2578.pcap
CVE-2013-5756,漏洞类/2026年1月6日/AI工作流生成的攻击报文/CVE-2013-5756.pcap
CVE-2014-2850,漏洞类/2026年1月6日/AI工作流生成的攻击报文/CVE-2014-2850.pcap
CVE-2014-6032,漏洞类/2026年1月6日/AI工作流生成的攻击报文/CVE-2014-6032.pcap
CVE-2014-8389,漏洞类/2026年1月6日/AI工作流生成的攻击报文/CVE-2014-8389.pcap
CVE-2015-1561,漏洞类/2026年1月6日/AI工作流生成的攻击报文/CVE-2015-1561.pcap
CVE-2015-2843,漏洞类/2026年1月6日/AI工作流生成的攻击报文/CVE-2015-2843.pcap
CVE-2015-2996,漏洞类/2026年1月6日/AI工作流生成的攻击报文/CVE-2015-2996.pcap
CVE-2016-10134,漏洞类/2026年1月6日/AI工作流生成的攻击报文/CVE-2016-10134.pcap
CVE-2016-5679,漏洞类/2026年1月6日/AI工作流生成的攻击报文/CVE-2016-5679.pcap
CVE-2016-9091,漏洞类/2026年1月6日/AI工作流生成的攻击报文/CVE-2016-9091.pcap
CVE-2016-9488,漏洞类/2026年1月6日/AI工作流生成的攻击报文/CVE-2016-9488.pcap
CVE-2017-14537,漏洞类/2026年1月6日/AI工作流生成的攻击报文/CVE-2017-14537.pcap
CVE-2017-15049,漏洞类/2026年1月6日/AI工作流生成的攻击报文/CVE-2017-15049.pcap
CVE-2017-5255,漏洞类/2026年1月6日/AI工作流生成的攻击报文/CVE-2017-5255.pcap
CVE-2017-6326,漏洞类/2026年1月6日/AI工作流生成的攻击报文/CVE-2017-6326.pcap
CVE-2017-6359,漏洞类/2026年1月6日/AI工作流生成的攻击报文/CVE-2017-6359.pcap
CVE-2017-6360,漏洞类/2026年1月6日/AI工作流生成的攻击报文/CVE-2017-6360.pcap
CVE-2017-7089,漏洞类/2026年1月6日/AI工作流生成的攻击报文/CVE-2017-7089.pcap
CVE-2017-7461,漏洞类/2026年1月6日/AI工作流生成的攻击报文/CVE-2017-7461.pcap
CVE-2017-9812,漏洞类/2026年1月6日/AI工作流生成的攻击报文/CVE-2017-9812.pcap
CVE-2018-0707,漏洞类/2026年1月6日/AI工作流生成的攻击报文/CVE-2018-0707.pcap
CVE-2018-0708,漏洞类/2026年1月6日/AI工作流生成的攻击报文/CVE-2018-0708.pcap
CVE-2018-0709,漏洞类/2026年1月6日/AI工作流生成的攻击报文/CVE-2018-0709.pcap
CVE-2018-1002000,漏洞类/2026年1月6日/AI工作流生成的攻击报文/CVE-2018-1002000.pcap
CVE-2018-1002002,漏洞类/2026年1月6日/AI工作流生成的攻击报文/CVE-2018-1002002.pcap
CVE-2018-10256,漏洞类/2026年1月6日/AI工作流生成的攻击报文/CVE-2018-10256.pcap
CVE-2018-11510,漏洞类/2026年1月6日/AI工作流生成的攻击报文/CVE-2018-11510.pcap
CVE-2018-1186,漏洞类/2026年1月6日/AI工作流生成的攻击报文/CVE-2018-1186.pcap
CVE-2018-1187,漏洞类/2026年1月6日/AI工作流生成的攻击报文/CVE-2018-1187.pcap
CVE-2018-1188,漏洞类/2026年1月6日/AI工作流生成的攻击报文/CVE-2018-1188.pcap
CVE-2018-1189,漏洞类/2026年1月6日/AI工作流生成的攻击报文/CVE-2018-1189.pcap
CVE-2018-12996,漏洞类/2026年1月6日/AI工作流生成的攻击报文/CVE-2018-12996.pcap
CVE-2018-14058,漏洞类/2026年1月6日/AI工作流生成的攻击报文/CVE-2018-14058.pcap
CVE-2018-14916,漏洞类/2026年1月6日/AI工作流生成的攻击报文/CVE-2018-14916.pcap
CVE-2018-16736,漏洞类/2026年1月6日/AI工作流生成的攻击报文/CVE-2018-16736.pcap
CVE-2018-17063,漏洞类/2026年1月6日/AI工作流生成的攻击报文/CVE-2018-17063.pcap
CVE-2018-17064,漏洞类/2026年1月6日/AI工作流生成的攻击报文/CVE-2018-17064.pcap
CVE-2018-17066,漏洞类/2026年1月6日/AI工作流生成的攻击报文/CVE-2018-17066.pcap
CVE-2018-17068,漏洞类/2026年1月6日/AI工作流生成的攻击报文/CVE-2018-17068.pcap
CVE-2018-17379,漏洞类/2026年1月6日/AI工作流生成的攻击报文/CVE-2018-17379.pcap
CVE-2018-17383,漏洞类/2026年1月6日/AI工作流生成的攻击报文/CVE-2018-17383.pcap
CVE-2018-17964,漏洞类/2026年1月6日/AI工作流生成的攻击报文/CVE-2018-17964.pcap
CVE-2018-1821,漏洞类/2026年1月6日/AI工作流生成的攻击报文/CVE-2018-1821.pcap
CVE-2018-18775,漏洞类/2026年1月6日/AI工作流生成的攻击报文/CVE-2018-18775.pcap
CVE-2018-18776,漏洞类/2026年1月6日/AI工作流生成的攻击报文/CVE-2018-18776.pcap
CVE-2018-18923,漏洞类/2026年1月6日/AI工作流生成的攻击报文/CVE-2018-18923.pcap
CVE-2018-20326,漏洞类/2026年1月6日/AI工作流生成的攻击报文/CVE-2018-20326.pcap
CVE-2018-20525,漏洞类/2026年1月6日/AI工作流生成的攻击报文/CVE-2018-20525.pcap
CVE-2018-5972,漏洞类/2026年1月6日/AI工作流生成的攻击报文/CVE-2018-5972.pcap
CVE-2018-5980,漏洞类/2026年1月6日/AI工作流生成的攻击报文/CVE-2018-5980.pcap
CVE-2018-5984,漏洞类/2026年1月6日/AI工作流生成的攻击报文/CVE-2018-5984.pcap
CVE-2018-6005,漏洞类/2026年1月6日/AI工作流生成的攻击报文/CVE-2018-6005.pcap
CVE-2018-6226,漏洞类/2026年1月6日/AI工作流生成的攻击报文/CVE-2018-6226.pcap
CVE-2018-6227,漏洞类/2026年1月6日/AI工作流生成的攻击报文/CVE-2018-6227.pcap
CVE-2018-6228,漏洞类/2026年1月6日/AI工作流生成的攻击报文/CVE-2018-6228.pcap
CVE-2018-6229,漏洞类/2026年1月6日/AI工作流生成的攻击报文/CVE-2018-6229.pcap
CVE-2018-6373,漏洞类/2026年1月6日/AI工作流生成的攻击报文/CVE-2018-6373.pcap
CVE-2018-7474,漏洞类/2026年1月6日/AI工作流生成的攻击报文/CVE-2018-7474.pcap
CVE-2018-7653,漏洞类/2026年1月6日/AI工作流生成的攻击报文/CVE-2018-7653.pcap
CVE-2018-7705,漏洞类/2026年1月6日/AI工作流生成的攻击报文/CVE-2018-7705.pcap
CVE-2018-7706,漏洞类/2026年1月6日/AI工作流生成的攻击报文/CVE-2018-7706.pcap
CVE-2018-8820,漏洞类/2026年1月6日/AI工作流生成的攻击报文/CVE-2018-8820.pcap
CVE-2019-10092,漏洞类/2026年1月6日/AI工作流生成的攻击报文/CVE-2019-10092.pcap
CVE-2019-10631,漏洞类/2026年1月6日/AI工作流生成的攻击报文/CVE-2019-10631.pcap
CVE-2019-10664,漏洞类/2026年1月6日/AI工作流生成的攻击报文/CVE-2019-10664.pcap
CVE-2019-11358,漏洞类/2026年1月6日/AI工作流生成的攻击报文/CVE-2019-11358.pcap
CVE-2019-11409,漏洞类/2026年1月6日/AI工作流生成的攻击报文/CVE-2019-11409.pcap
CVE-2019-12279,漏洞类/2026年1月6日/AI工作流生成的攻击报文/CVE-2019-12279.pcap
CVE-2019-12538,漏洞类/2026年1月6日/AI工作流生成的攻击报文/CVE-2019-12538.pcap
CVE-2019-12840,漏洞类/2026年1月6日/AI工作流生成的攻击报文/CVE-2019-12840.pcap
CVE-2019-13051,漏洞类/2026年1月6日/AI工作流生成的攻击报文/CVE-2019-13051.pcap
CVE-2019-16932,漏洞类/2026年1月6日/AI工作流生成的攻击报文/CVE-2019-16932.pcap
CVE-2019-20197,漏洞类/2026年1月6日/AI工作流生成的攻击报文/CVE-2019-20197.pcap
CVE-2019-20499,漏洞类/2026年1月6日/AI工作流生成的攻击报文/CVE-2019-20499.pcap
CVE-2019-6272,漏洞类/2026年1月6日/AI工作流生成的攻击报文/CVE-2019-6272.pcap
CVE-2019-6979,漏洞类/2026年1月6日/AI工作流生成的攻击报文/CVE-2019-6979.pcap
CVE-2019-7254,漏洞类/2026年1月6日/AI工作流生成的攻击报文/CVE-2019-7254.pcap
CVE-2019-8451,漏洞类/2026年1月6日/AI工作流生成的攻击报文/CVE-2019-8451.pcap
CVE-2019-8953,漏洞类/2026年1月6日/AI工作流生成的攻击报文/CVE-2019-8953.pcap
CVE-2019-9624,漏洞类/2026年1月6日/AI工作流生成的攻击报文/CVE-2019-9624.pcap
CVE-2019-9762,漏洞类/2026年1月6日/AI工作流生成的攻击报文/CVE-2019-9762.pcap
CVE-2020-12116,漏洞类/2026年1月6日/AI工作流生成的攻击报文/CVE-2020-12116.pcap
CVE-2020-12847,漏洞类/2026年1月6日/AI工作流生成的攻击报文/CVE-2020-12847.pcap
CVE-2020-13379,漏洞类/2026年1月6日/AI工作流生成的攻击报文/CVE-2020-13379.pcap
CVE-2020-14294,漏洞类/2026年1月6日/AI工作流生成的攻击报文/CVE-2020-14294.pcap
CVE-2020-24148,漏洞类/2026年1月6日/AI工作流生成的攻击报文/CVE-2020-24148.pcap
CVE-2020-24581,漏洞类/2026年1月6日/AI工作流生成的攻击报文/CVE-2020-24581.pcap
CVE-2020-35848,漏洞类/2026年1月6日/AI工作流生成的攻击报文/CVE-2020-35848.pcap
CVE-2020-5421,漏洞类/2026年1月6日/AI工作流生成的攻击报文/CVE-2020-5421.pcap
CVE-2020-5786,漏洞类/2026年1月6日/AI工作流生成的攻击报文/CVE-2020-5786.pcap
CVE-2020-7351,漏洞类/2026年1月6日/AI工作流生成的攻击报文/CVE-2020-7351.pcap
CVE-2020-7471,漏洞类/2026年1月6日/AI工作流生成的攻击报文/CVE-2020-7471.pcap
CVE-2021-20091,漏洞类/2026年1月6日/AI工作流生成的攻击报文/CVE-2021-20091.pcap
CVE-2021-24150,漏洞类/2026年1月6日/AI工作流生成的攻击报文/CVE-2021-24150.pcap
CVE-2021-24213,漏洞类/2026年1月6日/AI工作流生成的攻击报文/CVE-2021-24213.pcap
CVE-2021-24727,漏洞类/2026年1月6日/AI工作流生成的攻击报文/CVE-2021-24727.pcap
CVE-2021-24728,漏洞类/2026年1月6日/AI工作流生成的攻击报文/CVE-2021-24728.pcap
CVE-2021-24786,漏洞类/2026年1月6日/AI工作流生成的攻击报文/CVE-2021-24786.pcap
CVE-2021-24940,漏洞类/2026年1月6日/AI工作流生成的攻击报文/CVE-2021-24940.pcap
CVE-2021-27190,漏洞类/2026年1月6日/AI工作流生成的攻击报文/CVE-2021-27190.pcap
CVE-2021-27905,漏洞类/2026年1月6日/AI工作流生成的攻击报文/CVE-2021-27905.pcap
CVE-2021-29447,漏洞类/2026年1月6日/AI工作流生成的攻击报文/CVE-2021-29447.pcap
CVE-2021-30151,漏洞类/2026年1月6日/AI工作流生成的攻击报文/CVE-2021-30151.pcap
CVE-2021-3118,漏洞类/2026年1月6日/AI工作流生成的攻击报文/CVE-2021-3118.pcap
CVE-2021-31761,漏洞类/2026年1月6日/AI工作流生成的攻击报文/CVE-2021-31761.pcap
CVE-2021-32849,漏洞类/2026年1月6日/AI工作流生成的攻击报文/CVE-2021-32849.pcap
CVE-2021-33550,漏洞类/2026年1月6日/AI工作流生成的攻击报文/CVE-2021-33550.pcap
CVE-2021-33851,漏洞类/2026年1月6日/AI工作流生成的攻击报文/CVE-2021-33851.pcap
CVE-2021-35042,漏洞类/2026年1月6日/AI工作流生成的攻击报文/CVE-2021-35042.pcap
CVE-2021-37538,漏洞类/2026年1月6日/AI工作流生成的攻击报文/CVE-2021-37538.pcap
CVE-2021-37557,漏洞类/2026年1月6日/AI工作流生成的攻击报文/CVE-2021-37557.pcap
CVE-2021-37833,漏洞类/2026年1月6日/AI工作流生成的攻击报文/CVE-2021-37833.pcap
CVE-2021-39150,漏洞类/2026年1月6日/AI工作流生成的攻击报文/CVE-2021-39150.pcap
CVE-2021-41432,漏洞类/2026年1月6日/AI工作流生成的攻击报文/CVE-2021-41432.pcap
CVE-2021-41765,漏洞类/2026年1月6日/AI工作流生成的攻击报文/CVE-2021-41765.pcap
CVE-2021-42663,漏洞类/2026年1月6日/AI工作流生成的攻击报文/CVE-2021-42663.pcap
CVE-2021-42667,漏洞类/2026年1月6日/AI工作流生成的攻击报文/CVE-2021-42667.pcap
CVE-2021-43789,漏洞类/2026年1月6日/AI工作流生成的攻击报文/CVE-2021-43789.pcap
CVE-2021-43857,漏洞类/2026年1月6日/AI工作流生成的攻击报文/CVE-2021-43857.pcap
CVE-2021-45010,漏洞类/2026年1月6日/AI工作流生成的攻击报文/CVE-2021-45010.pcap
CVE-2021-45092,漏洞类/2026年1月6日/AI工作流生成的攻击报文/CVE-2021-45092.pcap
CVE-2021-45968,漏洞类/2026年1月6日/AI工作流生成的攻击报文/CVE-2021-45968.pcap
CVE-2021-46005,漏洞类/2026年1月6日/AI工作流生成的攻击报文/CVE-2021-46005.pcap
CVE-2021-46069,漏洞类/2026年1月6日/AI工作流生成的攻击报文/CVE-2021-46069.pcap
CVE-2021-46071,漏洞类/2026年1月6日/AI工作流生成的攻击报文/CVE-2021-46071.pcap
CVE-2021-46072,漏洞类/2026年1月6日/AI工作流生成的攻击报文/CVE-2021-46072.pcap
CVE-2021-46073,漏洞类/2026年1月6日/AI工作流生成的攻击报文/CVE-2021-46073.pcap
CVE-2022-0147,漏洞类/2026年1月6日/AI工作流生成的攻击报文/CVE-2022-0147.pcap
CVE-2022-0148,漏洞类/2026年1月6日/AI工作流生成的攻击报文/CVE-2022-0148.pcap
CVE-2022-0149,漏洞类/2026年1月6日/AI工作流生成的攻击报文/CVE-2022-0149.pcap
CVE-2022-0189,漏洞类/2026年1月6日/AI工作流生成的攻击报文/CVE-2022-0189.pcap
CVE-2022-0206,漏洞类/2026年1月6日/AI工作流生成的攻击报文/CVE-2022-0206.pcap
CVE-2022-0364,漏洞类/2026年1月6日/AI工作流生成的攻击报文/CVE-2022-0364.pcap
CVE-2022-0381,漏洞类/2026年1月6日/AI工作流生成的攻击报文/CVE-2022-0381.pcap
CVE-2022-0420,漏洞类/2026年1月6日/AI工作流生成的攻击报文/CVE-2022-0420.pcap
CVE-2022-0478,漏洞类/2026年1月6日/AI工作流生成的攻击报文/CVE-2022-0478.pcap
CVE-2022-0535,漏洞类/2026年1月6日/AI工作流生成的攻击报文/CVE-2022-0535.pcap
CVE-2022-0591,漏洞类/2026年1月6日/AI工作流生成的攻击报文/CVE-2022-0591.pcap
CVE-2022-0599,漏洞类/2026年1月6日/AI工作流生成的攻击报文/CVE-2022-0599.pcap
CVE-2022-0651,漏洞类/2026年1月6日/AI工作流生成的攻击报文/CVE-2022-0651.pcap
CVE-2022-0870,漏洞类/2026年1月6日/AI工作流生成的攻击报文/CVE-2022-0870.pcap
CVE-2022-0928,漏洞类/2026年1月6日/AI工作流生成的攻击报文/CVE-2022-0928.pcap
CVE-2022-0930,漏洞类/2026年1月6日/AI工作流生成的攻击报文/CVE-2022-0930.pcap
CVE-2022-0954,漏洞类/2026年1月6日/AI工作流生成的攻击报文/CVE-2022-0954.pcap
CVE-2022-0963,漏洞类/2026年1月6日/AI工作流生成的攻击报文/CVE-2022-0963.pcap
CVE-2022-1006,漏洞类/2026年1月6日/AI工作流生成的攻击报文/CVE-2022-1006.pcap
CVE-2022-1007,漏洞类/2026年1月6日/AI工作流生成的攻击报文/CVE-2022-1007.pcap
CVE-2022-1182,漏洞类/2026年1月6日/AI工作流生成的攻击报文/CVE-2022-1182.pcap
CVE-2022-1724,漏洞类/2026年1月6日/AI工作流生成的攻击报文/CVE-2022-1724.pcap
CVE-2022-1905,漏洞类/2026年1月6日/AI工作流生成的攻击报文/CVE-2022-1905.pcap
CVE-2022-1937,漏洞类/2026年1月6日/AI工作流生成的攻击报文/CVE-2022-1937.pcap
CVE-2022-20705,漏洞类/2026年1月6日/AI工作流生成的攻击报文/CVE-2022-20705.pcap
CVE-2022-21371,漏洞类/2026年1月6日/AI工作流生成的攻击报文/CVE-2022-21371.pcap
CVE-2022-23409,漏洞类/2026年1月6日/AI工作流生成的攻击报文/CVE-2022-23409.pcap
CVE-2022-23642,漏洞类/2026年1月6日/AI工作流生成的攻击报文/CVE-2022-23642.pcap
CVE-2022-2383,漏洞类/2026年1月6日/AI工作流生成的攻击报文/CVE-2022-2383.pcap
CVE-2022-23881,漏洞类/2026年1月6日/AI工作流生成的攻击报文/CVE-2022-23881.pcap
CVE-2022-24780,漏洞类/2026年1月6日/AI工作流生成的攻击报文/CVE-2022-24780.pcap
CVE-2022-25061,漏洞类/2026年1月6日/AI工作流生成的攻击报文/CVE-2022-25061.pcap
CVE-2022-25148,漏洞类/2026年1月6日/AI工作流生成的攻击报文/CVE-2022-25148.pcap
CVE-2022-25149,漏洞类/2026年1月6日/AI工作流生成的攻击报文/CVE-2022-25149.pcap
CVE-2022-2546,漏洞类/2026年1月6日/AI工作流生成的攻击报文/CVE-2022-2546.pcap
CVE-2022-26252,漏洞类/2026年1月6日/AI工作流生成的攻击报文/CVE-2022-26252.pcap
CVE-2022-27249,漏洞类/2026年1月6日/AI工作流生成的攻击报文/CVE-2022-27249.pcap
CVE-2022-2733,漏洞类/2026年1月6日/AI工作流生成的攻击报文/CVE-2022-2733.pcap
CVE-2022-28379,漏洞类/2026年1月6日/AI工作流生成的攻击报文/CVE-2022-28379.pcap
CVE-2022-28452,漏洞类/2026年1月6日/AI工作流生成的攻击报文/CVE-2022-28452.pcap
CVE-2022-2863,漏洞类/2026年1月6日/AI工作流生成的攻击报文/CVE-2022-2863.pcap
CVE-2022-29004,漏洞类/2026年1月6日/AI工作流生成的攻击报文/CVE-2022-29004.pcap
CVE-2022-29005,漏洞类/2026年1月6日/AI工作流生成的攻击报文/CVE-2022-29005.pcap
CVE-2022-29596,漏洞类/2026年1月6日/AI工作流生成的攻击报文/CVE-2022-29596.pcap
CVE-2022-30073,漏洞类/2026年1月6日/AI工作流生成的攻击报文/CVE-2022-30073.pcap
CVE-2022-30510,漏洞类/2026年1月6日/AI工作流生成的攻击报文/CVE-2022-30510.pcap
CVE-2022-30511,漏洞类/2026年1月6日/AI工作流生成的攻击报文/CVE-2022-30511.pcap
CVE-2022-30513,漏洞类/2026年1月6日/AI工作流生成的攻击报文/CVE-2022-30513.pcap
CVE-2022-30514,漏洞类/2026年1月6日/AI工作流生成的攻击报文/CVE-2022-30514.pcap
CVE-2022-30547,漏洞类/2026年1月6日/AI工作流生成的攻击报文/CVE-2022-30547.pcap
CVE-2022-31245,漏洞类/2026年1月6日/AI工作流生成的攻击报文/CVE-2022-31245.pcap
CVE-2022-32007,漏洞类/2026年1月6日/AI工作流生成的攻击报文/CVE-2022-32007.pcap
CVE-2022-32572,漏洞类/2026年1月6日/AI工作流生成的攻击报文/CVE-2022-32572.pcap
CVE-2022-33329,漏洞类/2026年1月6日/AI工作流生成的攻击报文/CVE-2022-33329.pcap
CVE-2022-34531,漏洞类/2026年1月6日/AI工作流生成的攻击报文/CVE-2022-34531.pcap
CVE-2022-34539,漏洞类/2026年1月6日/AI工作流生成的攻击报文/CVE-2022-34539.pcap
CVE-2022-34540,漏洞类/2026年1月6日/AI工作流生成的攻击报文/CVE-2022-34540.pcap
CVE-2022-34877,漏洞类/2026年1月6日/AI工作流生成的攻击报文/CVE-2022-34877.pcap
CVE-2022-36446,漏洞类/2026年1月6日/AI工作流生成的攻击报文/CVE-2022-36446.pcap
CVE-2022-3915,漏洞类/2026年1月6日/AI工作流生成的攻击报文/CVE-2022-3915.pcap
CVE-2022-42096,漏洞类/2026年1月6日/AI工作流生成的攻击报文/CVE-2022-42096.pcap
CVE-2022-4230,漏洞类/2026年1月6日/AI工作流生成的攻击报文/CVE-2022-4230.pcap
CVE-2022-42999,漏洞类/2026年1月6日/AI工作流生成的攻击报文/CVE-2022-42999.pcap
CVE-2022-43018,漏洞类/2026年1月6日/AI工作流生成的攻击报文/CVE-2022-43018.pcap
CVE-2022-4356,漏洞类/2026年1月6日/AI工作流生成的攻击报文/CVE-2022-4356.pcap
CVE-2022-44949,漏洞类/2026年1月6日/AI工作流生成的攻击报文/CVE-2022-44949.pcap
CVE-2022-44957,漏洞类/2026年1月6日/AI工作流生成的攻击报文/CVE-2022-44957.pcap
CVE-2022-4510,漏洞类/2026年1月6日/AI工作流生成的攻击报文/CVE-2022-4510.pcap
CVE-2022-45699,漏洞类/2026年1月6日/AI工作流生成的攻击报文/CVE-2022-45699.pcap
CVE-2022-45924,漏洞类/2026年1月6日/AI工作流生成的攻击报文/CVE-2022-45924.pcap
CVE-2023-0236,漏洞类/2026年1月6日/AI工作流生成的攻击报文/CVE-2023-0236.pcap
CVE-2023-0261,漏洞类/2026年1月6日/AI工作流生成的攻击报文/CVE-2023-0261.pcap
CVE-2023-0315,漏洞类/2026年1月6日/AI工作流生成的攻击报文/CVE-2023-0315.pcap
CVE-2023-0514,漏洞类/2026年1月6日/AI工作流生成的攻击报文/CVE-2023-0514.pcap
CVE-2023-0527,漏洞类/2026年1月6日/AI工作流生成的攻击报文/CVE-2023-0527.pcap
CVE-2023-0600,漏洞类/2026年1月6日/AI工作流生成的攻击报文/CVE-2023-0600.pcap
CVE-2023-0602,漏洞类/2026年1月6日/AI工作流生成的攻击报文/CVE-2023-0602.pcap
CVE-2023-0900,漏洞类/2026年1月6日/AI工作流生成的攻击报文/CVE-2023-0900.pcap
CVE-2023-0942,漏洞类/2026年1月6日/AI工作流生成的攻击报文/CVE-2023-0942.pcap
CVE-2023-1080,漏洞类/2026年1月6日/AI工作流生成的攻击报文/CVE-2023-1080.pcap
CVE-2023-2178,漏洞类/2026年1月6日/AI工作流生成的攻击报文/CVE-2023-2178.pcap
CVE-2023-22457,漏洞类/2026年1月6日/AI工作流生成的攻击报文/CVE-2023-22457.pcap
CVE-2023-24189,漏洞类/2026年1月6日/AI工作流生成的攻击报文/CVE-2023-24189.pcap
CVE-2023-24261,漏洞类/2026年1月6日/AI工作流生成的攻击报文/CVE-2023-24261.pcap
CVE-2023-25157,漏洞类/2026年1月6日/AI工作流生成的攻击报文/CVE-2023-25157.pcap
CVE-2023-25280,漏洞类/2026年1月6日/AI工作流生成的攻击报文/CVE-2023-25280.pcap
CVE-2023-26213,漏洞类/2026年1月6日/AI工作流生成的攻击报文/CVE-2023-26213.pcap
CVE-2023-26325,漏洞类/2026年1月6日/AI工作流生成的攻击报文/CVE-2023-26325.pcap
CVE-2023-26469,漏洞类/2026年1月6日/AI工作流生成的攻击报文/CVE-2023-26469.pcap
CVE-2023-26802,漏洞类/2026年1月6日/AI工作流生成的攻击报文/CVE-2023-26802.pcap
CVE-2023-27112,漏洞类/2026年1月6日/AI工作流生成的攻击报文/CVE-2023-27112.pcap
CVE-2023-27167,漏洞类/2026年1月6日/AI工作流生成的攻击报文/CVE-2023-27167.pcap
CVE-2023-28659,漏洞类/2026年1月6日/AI工作流生成的攻击报文/CVE-2023-28659.pcap
CVE-2023-28660,漏洞类/2026年1月6日/AI工作流生成的攻击报文/CVE-2023-28660.pcap
CVE-2023-29084,漏洞类/2026年1月6日/AI工作流生成的攻击报文/CVE-2023-29084.pcap
CVE-2023-30258,漏洞类/2026年1月6日/AI工作流生成的攻击报文/CVE-2023-30258.pcap
CVE-2023-3134,漏洞类/2026年1月6日/AI工作流生成的攻击报文/CVE-2023-3134.pcap
CVE-2023-32071,漏洞类/2026年1月6日/AI工作流生成的攻击报文/CVE-2023-32071.pcap
CVE-2023-32781,漏洞类/2026年1月6日/AI工作流生成的攻击报文/CVE-2023-32781.pcap
CVE-2023-3380,漏洞类/2026年1月6日/AI工作流生成的攻击报文/CVE-2023-3380.pcap
CVE-2023-34127,漏洞类/2026年1月6日/AI工作流生成的攻击报文/CVE-2023-34127.pcap
CVE-2023-34192,漏洞类/2026年1月6日/AI工作流生成的攻击报文/CVE-2023-34192.pcap
CVE-2023-3452,漏洞类/2026年1月6日/AI工作流生成的攻击报文/CVE-2023-3452.pcap
CVE-2023-34603,漏洞类/2026年1月6日/AI工作流生成的攻击报文/CVE-2023-34603.pcap
CVE-2023-36076,漏洞类/2026年1月6日/AI工作流生成的攻击报文/CVE-2023-36076.pcap
CVE-2023-37580,漏洞类/2026年1月6日/AI工作流生成的攻击报文/CVE-2023-37580.pcap
CVE-2023-39357,漏洞类/2026年1月6日/AI工作流生成的攻击报文/CVE-2023-39357.pcap
CVE-2023-39362,漏洞类/2026年1月6日/AI工作流生成的攻击报文/CVE-2023-39362.pcap
CVE-2023-39584,漏洞类/2026年1月6日/AI工作流生成的攻击报文/CVE-2023-39584.pcap
CVE-2023-39780,漏洞类/2026年1月6日/AI工作流生成的攻击报文/CVE-2023-39780.pcap
CVE-2023-4120,漏洞类/2026年1月6日/AI工作流生成的攻击报文/CVE-2023-4120.pcap
CVE-2023-43187,漏洞类/2026年1月6日/AI工作流生成的攻击报文/CVE-2023-43187.pcap
CVE-2023-43654,漏洞类/2026年1月6日/AI工作流生成的攻击报文/CVE-2023-43654.pcap
CVE-2023-45375,漏洞类/2026年1月6日/AI工作流生成的攻击报文/CVE-2023-45375.pcap
CVE-2023-45498,漏洞类/2026年1月6日/AI工作流生成的攻击报文/CVE-2023-45498.pcap
CVE-2023-45542,漏洞类/2026年1月6日/AI工作流生成的攻击报文/CVE-2023-45542.pcap
CVE-2023-4634,漏洞类/2026年1月6日/AI工作流生成的攻击报文/CVE-2023-4634.pcap
CVE-2023-47209,漏洞类/2026年1月6日/AI工作流生成的攻击报文/CVE-2023-47209.pcap
CVE-2023-47618,漏洞类/2026年1月6日/AI工作流生成的攻击报文/CVE-2023-47618.pcap
CVE-2023-49371,漏洞类/2026年1月6日/AI工作流生成的攻击报文/CVE-2023-49371.pcap
CVE-2023-4974,漏洞类/2026年1月6日/AI工作流生成的攻击报文/CVE-2023-4974.pcap
CVE-2023-5780,漏洞类/2026年1月6日/AI工作流生成的攻击报文/CVE-2023-5780.pcap
CVE-2023-6019,漏洞类/2026年1月6日/AI工作流生成的攻击报文/CVE-2023-6019.pcap
CVE-2023-6021,漏洞类/2026年1月6日/AI工作流生成的攻击报文/CVE-2023-6021.pcap
CVE-2023-6623,漏洞类/2026年1月6日/AI工作流生成的攻击报文/CVE-2023-6623.pcap
CVE-2024-2022,漏洞类/2026年1月6日/AI工作流生成的攻击报文/CVE-2024-2022.pcap
CVE-2024-20356,漏洞类/2026年1月6日/AI工作流生成的攻击报文/CVE-2024-20356.pcap
CVE-2024-2153,漏洞类/2026年1月6日/AI工作流生成的攻击报文/CVE-2024-2153.pcap
CVE-2024-22263,漏洞类/2026年1月6日/AI工作流生成的攻击报文/CVE-2024-22263.pcap
CVE-2024-24001,漏洞类/2026年1月6日/AI工作流生成的攻击报文/CVE-2024-24001.pcap
CVE-2024-24724,漏洞类/2026年1月6日/AI工作流生成的攻击报文/CVE-2024-24724.pcap
CVE-2024-25513,漏洞类/2026年1月6日/AI工作流生成的攻击报文/CVE-2024-25513.pcap
CVE-2024-25514,漏洞类/2026年1月6日/AI工作流生成的攻击报文/CVE-2024-25514.pcap
CVE-2024-25515,漏洞类/2026年1月6日/AI工作流生成的攻击报文/CVE-2024-25515.pcap
CVE-2024-25517,漏洞类/2026年1月6日/AI工作流生成的攻击报文/CVE-2024-25517.pcap
CVE-2024-25518,漏洞类/2026年1月6日/AI工作流生成的攻击报文/CVE-2024-25518.pcap
CVE-2024-25519,漏洞类/2026年1月6日/AI工作流生成的攻击报文/CVE-2024-25519.pcap
CVE-2024-25520,漏洞类/2026年1月6日/AI工作流生成的攻击报文/CVE-2024-25520.pcap
CVE-2024-25522,漏洞类/2026年1月6日/AI工作流生成的攻击报文/CVE-2024-25522.pcap
CVE-2024-25525,漏洞类/2026年1月6日/AI工作流生成的攻击报文/CVE-2024-25525.pcap
CVE-2024-25528,漏洞类/2026年1月6日/AI工作流生成的攻击报文/CVE-2024-25528.pcap
CVE-2024-25529,漏洞类/2026年1月6日/AI工作流生成的攻击报文/CVE-2024-25529.pcap
CVE-2024-25532,漏洞类/2026年1月6日/AI工作流生成的攻击报文/CVE-2024-25532.pcap
CVE-2024-26026,漏洞类/2026年1月6日/AI工作流生成的攻击报文/CVE-2024-26026.pcap
CVE-2024-2647,漏洞类/2026年1月6日/AI工作流生成的攻击报文/CVE-2024-2647.pcap
CVE-2024-28741,漏洞类/2026年1月6日/AI工作流生成的攻击报文/CVE-2024-28741.pcap
CVE-2024-31459,漏洞类/2026年1月6日/AI工作流生成的攻击报文/CVE-2024-31459.pcap
CVE-2024-34361,漏洞类/2026年1月6日/AI工作流生成的攻击报文/CVE-2024-34361.pcap
CVE-2024-3455,漏洞类/2026年1月6日/AI工作流生成的攻击报文/CVE-2024-3455.pcap
CVE-2024-3457,漏洞类/2026年1月6日/AI工作流生成的攻击报文/CVE-2024-3457.pcap
CVE-2024-35219,漏洞类/2026年1月6日/AI工作流生成的攻击报文/CVE-2024-35219.pcap
CVE-2024-3605,漏洞类/2026年1月6日/AI工作流生成的攻击报文/CVE-2024-3605.pcap
CVE-2024-36442,漏洞类/2026年1月6日/AI工作流生成的攻击报文/CVE-2024-36442.pcap
CVE-2024-36604,漏洞类/2026年1月6日/AI工作流生成的攻击报文/CVE-2024-36604.pcap
CVE-2024-3799,漏洞类/2026年1月6日/AI工作流生成的攻击报文/CVE-2024-3799.pcap
CVE-2024-39226,漏洞类/2026年1月6日/AI工作流生成的攻击报文/CVE-2024-39226.pcap
CVE-2024-39304,漏洞类/2026年1月6日/AI工作流生成的攻击报文/CVE-2024-39304.pcap
CVE-2024-40422,漏洞类/2026年1月6日/AI工作流生成的攻击报文/CVE-2024-40422.pcap
CVE-2024-42327,漏洞类/2026年1月6日/AI工作流生成的攻击报文/CVE-2024-42327.pcap
CVE-2024-5276,漏洞类/2026年1月6日/AI工作流生成的攻击报文/CVE-2024-5276.pcap
CVE-2024-6095,漏洞类/2026年1月6日/AI工作流生成的攻击报文/CVE-2024-6095.pcap
CVE-2024-6396,漏洞类/2026年1月6日/AI工作流生成的攻击报文/CVE-2024-6396.pcap
CVE-2024-6781,漏洞类/2026年1月6日/AI工作流生成的攻击报文/CVE-2024-6781.pcap
CVE-2024-6985,漏洞类/2026年1月6日/AI工作流生成的攻击报文/CVE-2024-6985.pcap
CVE-2024-7514,漏洞类/2026年1月6日/AI工作流生成的攻击报文/CVE-2024-7514.pcap
CVE-2024-7579,漏洞类/2026年1月6日/AI工作流生成的攻击报文/CVE-2024-7579.pcap
CVE-2024-8017,漏洞类/2026年1月6日/AI工作流生成的攻击报文/CVE-2024-8017.pcap
CVE-2025-1316,漏洞类/2026年1月6日/AI工作流生成的攻击报文/CVE-2025-1316.pcap
CVE-2025-27636,漏洞类/2026年1月6日/AI工作流生成的攻击报文/CVE-2025-27636.pcap
CVE-2025-2945,漏洞类/2026年1月6日/AI工作流生成的攻击报文/CVE-2025-2945.pcap
CVE-2025-32969,漏洞类/2026年1月6日/AI工作流生成的攻击报文/CVE-2025-32969.pcap
CVE-2025-34028,漏洞类/2026年1月6日/AI工作流生成的攻击报文/CVE-2025-34028.pcap
CVE-2025-47228,漏洞类/2026年1月6日/AI工作流生成的攻击报文/CVE-2025-47228.pcap
CVE-2025-49596,漏洞类/2026年1月6日/AI工作流生成的攻击报文/CVE-2025-49596.pcap
CVE-2025-5502,漏洞类/2026年1月6日/AI工作流生成的攻击报文/CVE-2025-5502.pcap
CVE-2025-55150,漏洞类/2026年1月6日/AI工作流生成的攻击报文/CVE-2025-55150.pcap
CVE-2025-59342,漏洞类/2026年1月6日/AI工作流生成的攻击报文/CVE-2025-59342.pcap
CVE-2025-6775,漏洞类/2026年1月6日/AI工作流生成的攻击报文/CVE-2025-6775.pcap
CVE-2015-8399,漏洞类/2026年2月2日/AI生成的有CVE编号匹配盛邦漏洞攻击报文/CVE-2015-8399.pcap
CVE-2016-4977,漏洞类/2026年2月2日/AI生成的有CVE编号匹配盛邦漏洞攻击报文/CVE-2016-4977.pcap
CVE-2017-11165,漏洞类/2026年2月2日/AI生成的有CVE编号匹配盛邦漏洞攻击报文/CVE-2017-11165.pcap
CVE-2017-5487,漏洞类/2026年2月2日/AI生成的有CVE编号匹配盛邦漏洞攻击报文/CVE-2017-5487.pcap
CVE-2017-5521,漏洞类/2026年2月2日/AI生成的有CVE编号匹配盛邦漏洞攻击报文/CVE-2017-5521.pcap
CVE-2017-8229,漏洞类/2026年2月2日/AI生成的有CVE编号匹配盛邦漏洞攻击报文/CVE-2017-8229.pcap
CVE-2018-11409,漏洞类/2026年2月2日/AI生成的有CVE编号匹配盛邦漏洞攻击报文/CVE-2018-11409.pcap
CVE-2018-11523,漏洞类/2026年2月2日/AI生成的有CVE编号匹配盛邦漏洞攻击报文/CVE-2018-11523.pcap
CVE-2018-1207,漏洞类/2026年2月2日/AI生成的有CVE编号匹配盛邦漏洞攻击报文/CVE-2018-1207.pcap
CVE-2018-13862,漏洞类/2026年2月2日/AI生成的有CVE编号匹配盛邦漏洞攻击报文/CVE-2018-13862.pcap
CVE-2018-6008,漏洞类/2026年2月2日/AI生成的有CVE编号匹配盛邦漏洞攻击报文/CVE-2018-6008.pcap
CVE-2018-9126,漏洞类/2026年2月2日/AI生成的有CVE编号匹配盛邦漏洞攻击报文/CVE-2018-9126.pcap
CVE-2019-11248,漏洞类/2026年2月2日/AI生成的有CVE编号匹配盛邦漏洞攻击报文/CVE-2019-11248.pcap
CVE-2019-17506,漏洞类/2026年2月2日/AI生成的有CVE编号匹配盛邦漏洞攻击报文/CVE-2019-17506.pcap
CVE-2019-17662,漏洞类/2026年2月2日/AI生成的有CVE编号匹配盛邦漏洞攻击报文/CVE-2019-17662.pcap
CVE-2019-17671,漏洞类/2026年2月2日/AI生成的有CVE编号匹配盛邦漏洞攻击报文/CVE-2019-17671.pcap
CVE-2019-18371,漏洞类/2026年2月2日/AI生成的有CVE编号匹配盛邦漏洞攻击报文/CVE-2019-18371.pcap
CVE-2019-19985,漏洞类/2026年2月2日/AI生成的有CVE编号匹配盛邦漏洞攻击报文/CVE-2019-19985.pcap
CVE-2019-3403,漏洞类/2026年2月2日/AI生成的有CVE编号匹配盛邦漏洞攻击报文/CVE-2019-3403.pcap
CVE-2019-6341,漏洞类/2026年2月2日/AI生成的有CVE编号匹配盛邦漏洞攻击报文/CVE-2019-6341.pcap
CVE-2019-7192,漏洞类/2026年2月2日/AI生成的有CVE编号匹配盛邦漏洞攻击报文/CVE-2019-7192.pcap
CVE-2019-8446,漏洞类/2026年2月2日/AI生成的有CVE编号匹配盛邦漏洞攻击报文/CVE-2019-8446.pcap
CVE-2019-8449,漏洞类/2026年2月2日/AI生成的有CVE编号匹配盛邦漏洞攻击报文/CVE-2019-8449.pcap
CVE-2020-10547,漏洞类/2026年2月2日/AI生成的有CVE编号匹配盛邦漏洞攻击报文/CVE-2020-10547.pcap
CVE-2020-13937,漏洞类/2026年2月2日/AI生成的有CVE编号匹配盛邦漏洞攻击报文/CVE-2020-13937.pcap
CVE-2020-13945,漏洞类/2026年2月2日/AI生成的有CVE编号匹配盛邦漏洞攻击报文/CVE-2020-13945.pcap
CVE-2020-1957,漏洞类/2026年2月2日/AI生成的有CVE编号匹配盛邦漏洞攻击报文/CVE-2020-1957.pcap
CVE-2020-26413,漏洞类/2026年2月2日/AI生成的有CVE编号匹配盛邦漏洞攻击报文/CVE-2020-26413.pcap
CVE-2020-5847,漏洞类/2026年2月2日/AI生成的有CVE编号匹配盛邦漏洞攻击报文/CVE-2020-5847.pcap
CVE-2020-8497,漏洞类/2026年2月2日/AI生成的有CVE编号匹配盛邦漏洞攻击报文/CVE-2020-8497.pcap
CVE-2021-20150,漏洞类/2026年2月2日/AI生成的有CVE编号匹配盛邦漏洞攻击报文/CVE-2021-20150.pcap
CVE-2021-21307,漏洞类/2026年2月2日/AI生成的有CVE编号匹配盛邦漏洞攻击报文/CVE-2021-21307.pcap
CVE-2021-21402,漏洞类/2026年2月2日/AI生成的有CVE编号匹配盛邦漏洞攻击报文/CVE-2021-21402.pcap
CVE-2021-21745,漏洞类/2026年2月2日/AI生成的有CVE编号匹配盛邦漏洞攻击报文/CVE-2021-21745.pcap
CVE-2021-21801,漏洞类/2026年2月2日/AI生成的有CVE编号匹配盛邦漏洞攻击报文/CVE-2021-21801.pcap
CVE-2021-22054,漏洞类/2026年2月2日/AI生成的有CVE编号匹配盛邦漏洞攻击报文/CVE-2021-22054.pcap
CVE-2021-24146,漏洞类/2026年2月2日/AI生成的有CVE编号匹配盛邦漏洞攻击报文/CVE-2021-24146.pcap
CVE-2021-25118,漏洞类/2026年2月2日/AI生成的有CVE编号匹配盛邦漏洞攻击报文/CVE-2021-25118.pcap
CVE-2021-25281,漏洞类/2026年2月2日/AI生成的有CVE编号匹配盛邦漏洞攻击报文/CVE-2021-25281.pcap
CVE-2021-27850,漏洞类/2026年2月2日/AI生成的有CVE编号匹配盛邦漏洞攻击报文/CVE-2021-27850.pcap
CVE-2021-28073,漏洞类/2026年2月2日/AI生成的有CVE编号匹配盛邦漏洞攻击报文/CVE-2021-28073.pcap
CVE-2021-28854,漏洞类/2026年2月2日/AI生成的有CVE编号匹配盛邦漏洞攻击报文/CVE-2021-28854.pcap
CVE-2021-3019,漏洞类/2026年2月2日/AI生成的有CVE编号匹配盛邦漏洞攻击报文/CVE-2021-3019.pcap
CVE-2021-30461,漏洞类/2026年2月2日/AI生成的有CVE编号匹配盛邦漏洞攻击报文/CVE-2021-30461.pcap
CVE-2021-32030,漏洞类/2026年2月2日/AI生成的有CVE编号匹配盛邦漏洞攻击报文/CVE-2021-32030.pcap
CVE-2021-37304,漏洞类/2026年2月2日/AI生成的有CVE编号匹配盛邦漏洞攻击报文/CVE-2021-37304.pcap
CVE-2021-40149,漏洞类/2026年2月2日/AI生成的有CVE编号匹配盛邦漏洞攻击报文/CVE-2021-40149.pcap
CVE-2021-40856,漏洞类/2026年2月2日/AI生成的有CVE编号匹配盛邦漏洞攻击报文/CVE-2021-40856.pcap
CVE-2021-40859,漏洞类/2026年2月2日/AI生成的有CVE编号匹配盛邦漏洞攻击报文/CVE-2021-40859.pcap
CVE-2021-41192,漏洞类/2026年2月2日/AI生成的有CVE编号匹配盛邦漏洞攻击报文/CVE-2021-41192.pcap
CVE-2021-41266,漏洞类/2026年2月2日/AI生成的有CVE编号匹配盛邦漏洞攻击报文/CVE-2021-41266.pcap
CVE-2021-43287,漏洞类/2026年2月2日/AI生成的有CVE编号匹配盛邦漏洞攻击报文/CVE-2021-43287.pcap
CVE-2022-0540,漏洞类/2026年2月2日/AI生成的有CVE编号匹配盛邦漏洞攻击报文/CVE-2022-0540.pcap
CVE-2022-21500,漏洞类/2026年2月2日/AI生成的有CVE编号匹配盛邦漏洞攻击报文/CVE-2022-21500.pcap
CVE-2022-2314,漏洞类/2026年2月2日/AI生成的有CVE编号匹配盛邦漏洞攻击报文/CVE-2022-2314.pcap
CVE-2022-23178,漏洞类/2026年2月2日/AI生成的有CVE编号匹配盛邦漏洞攻击报文/CVE-2022-23178.pcap
CVE-2022-23348,漏洞类/2026年2月2日/AI生成的有CVE编号匹配盛邦漏洞攻击报文/CVE-2022-23348.pcap
CVE-2022-25356,漏洞类/2026年2月2日/AI生成的有CVE编号匹配盛邦漏洞攻击报文/CVE-2022-25356.pcap
CVE-2022-25369,漏洞类/2026年2月2日/AI生成的有CVE编号匹配盛邦漏洞攻击报文/CVE-2022-25369.pcap
CVE-2022-28171,漏洞类/2026年2月2日/AI生成的有CVE编号匹配盛邦漏洞攻击报文/CVE-2022-28171.pcap
CVE-2022-28955,漏洞类/2026年2月2日/AI生成的有CVE编号匹配盛邦漏洞攻击报文/CVE-2022-28955.pcap
CVE-2022-31474,漏洞类/2026年2月2日/AI生成的有CVE编号匹配盛邦漏洞攻击报文/CVE-2022-31474.pcap
CVE-2022-31845,漏洞类/2026年2月2日/AI生成的有CVE编号匹配盛邦漏洞攻击报文/CVE-2022-31845.pcap
CVE-2022-32429,漏洞类/2026年2月2日/AI生成的有CVE编号匹配盛邦漏洞攻击报文/CVE-2022-32429.pcap
CVE-2022-33174,漏洞类/2026年2月2日/AI生成的有CVE编号匹配盛邦漏洞攻击报文/CVE-2022-33174.pcap
CVE-2022-35413,漏洞类/2026年2月2日/AI生成的有CVE编号匹配盛邦漏洞攻击报文/CVE-2022-35413.pcap
CVE-2022-37061,漏洞类/2026年2月2日/AI生成的有CVE编号匹配盛邦漏洞攻击报文/CVE-2022-37061.pcap
CVE-2022-38817,漏洞类/2026年2月2日/AI生成的有CVE编号匹配盛邦漏洞攻击报文/CVE-2022-38817.pcap
CVE-2022-4060,漏洞类/2026年2月2日/AI生成的有CVE编号匹配盛邦漏洞攻击报文/CVE-2022-4060.pcap
CVE-2022-4298,漏洞类/2026年2月2日/AI生成的有CVE编号匹配盛邦漏洞攻击报文/CVE-2022-4298.pcap
CVE-2022-43769,漏洞类/2026年2月2日/AI生成的有CVE编号匹配盛邦漏洞攻击报文/CVE-2022-43769.pcap
CVE-2022-47075,漏洞类/2026年2月2日/AI生成的有CVE编号匹配盛邦漏洞攻击报文/CVE-2022-47075.pcap
CVE-2022-48165,漏洞类/2026年2月2日/AI生成的有CVE编号匹配盛邦漏洞攻击报文/CVE-2022-48165.pcap
CVE-2023-0297,漏洞类/2026年2月2日/AI生成的有CVE编号匹配盛邦漏洞攻击报文/CVE-2023-0297.pcap
CVE-2023-22478,漏洞类/2026年2月2日/AI生成的有CVE编号匹配盛邦漏洞攻击报文/CVE-2023-22478.pcap
CVE-2023-25135,漏洞类/2026年2月2日/AI生成的有CVE编号匹配盛邦漏洞攻击报文/CVE-2023-25135.pcap
CVE-2023-25194,漏洞类/2026年2月2日/AI生成的有CVE编号匹配盛邦漏洞攻击报文/CVE-2023-25194.pcap
CVE-2023-2523,漏洞类/2026年2月2日/AI生成的有CVE编号匹配盛邦漏洞攻击报文/CVE-2023-2523.pcap
CVE-2023-25573,漏洞类/2026年2月2日/AI生成的有CVE编号匹配盛邦漏洞攻击报文/CVE-2023-25573.pcap
CVE-2023-26067,漏洞类/2026年2月2日/AI生成的有CVE编号匹配盛邦漏洞攻击报文/CVE-2023-26067.pcap
CVE-2023-2648,漏洞类/2026年2月2日/AI生成的有CVE编号匹配盛邦漏洞攻击报文/CVE-2023-2648.pcap
CVE-2023-27372,漏洞类/2026年2月2日/AI生成的有CVE编号匹配盛邦漏洞攻击报文/CVE-2023-27372.pcap
CVE-2023-2738,漏洞类/2026年2月2日/AI生成的有CVE编号匹配盛邦漏洞攻击报文/CVE-2023-2738.pcap
CVE-2023-27524,漏洞类/2026年2月2日/AI生成的有CVE编号匹配盛邦漏洞攻击报文/CVE-2023-27524.pcap
CVE-2023-2766,漏洞类/2026年2月2日/AI生成的有CVE编号匹配盛邦漏洞攻击报文/CVE-2023-2766.pcap
CVE-2023-33831,漏洞类/2026年2月2日/AI生成的有CVE编号匹配盛邦漏洞攻击报文/CVE-2023-33831.pcap
CVE-2023-34928,漏洞类/2026年2月2日/AI生成的有CVE编号匹配盛邦漏洞攻击报文/CVE-2023-34928.pcap
CVE-2023-35885,漏洞类/2026年2月2日/AI生成的有CVE编号匹配盛邦漏洞攻击报文/CVE-2023-35885.pcap
CVE-2023-37462,漏洞类/2026年2月2日/AI生成的有CVE编号匹配盛邦漏洞攻击报文/CVE-2023-37462.pcap
CVE-2023-38646,漏洞类/2026年2月2日/AI生成的有CVE编号匹配盛邦漏洞攻击报文/CVE-2023-38646.pcap
CVE-2023-4169,漏洞类/2026年2月2日/AI生成的有CVE编号匹配盛邦漏洞攻击报文/CVE-2023-4169.pcap
CVE-2023-41892,漏洞类/2026年2月2日/AI生成的有CVE编号匹配盛邦漏洞攻击报文/CVE-2023-41892.pcap
CVE-2023-42442,漏洞类/2026年2月2日/AI生成的有CVE编号匹配盛邦漏洞攻击报文/CVE-2023-42442.pcap
CVE-2023-43261,漏洞类/2026年2月2日/AI生成的有CVE编号匹配盛邦漏洞攻击报文/CVE-2023-43261.pcap
CVE-2023-4415,漏洞类/2026年2月2日/AI生成的有CVE编号匹配盛邦漏洞攻击报文/CVE-2023-4415.pcap
CVE-2023-45852,漏洞类/2026年2月2日/AI生成的有CVE编号匹配盛邦漏洞攻击报文/CVE-2023-45852.pcap
CVE-2023-46359,漏洞类/2026年2月2日/AI生成的有CVE编号匹配盛邦漏洞攻击报文/CVE-2023-46359.pcap
CVE-2023-49070,漏洞类/2026年2月2日/AI生成的有CVE编号匹配盛邦漏洞攻击报文/CVE-2023-49070.pcap
CVE-2023-50290,漏洞类/2026年2月2日/AI生成的有CVE编号匹配盛邦漏洞攻击报文/CVE-2023-50290.pcap
CVE-2024-1561,漏洞类/2026年2月2日/AI生成的有CVE编号匹配盛邦漏洞攻击报文/CVE-2024-1561.pcap
CVE-2024-25723,漏洞类/2026年2月2日/AI生成的有CVE编号匹配盛邦漏洞攻击报文/CVE-2024-25723.pcap
CVE-2024-29272,漏洞类/2026年2月2日/AI生成的有CVE编号匹配盛邦漏洞攻击报文/CVE-2024-29272.pcap
CVE-2024-30269,漏洞类/2026年2月2日/AI生成的有CVE编号匹配盛邦漏洞攻击报文/CVE-2024-30269.pcap
CVE-2024-34982,漏洞类/2026年2月2日/AI生成的有CVE编号匹配盛邦漏洞攻击报文/CVE-2024-34982.pcap
CVE-2024-50334,漏洞类/2026年2月2日/AI生成的有CVE编号匹配盛邦漏洞攻击报文/CVE-2024-50334.pcap
CVE-2024-54767,漏洞类/2026年2月2日/AI生成的有CVE编号匹配盛邦漏洞攻击报文/CVE-2024-54767.pcap
CVE-2024-56512,漏洞类/2026年2月2日/AI生成的有CVE编号匹配盛邦漏洞攻击报文/CVE-2024-56512.pcap
CVE-2024-6782,漏洞类/2026年2月2日/AI生成的有CVE编号匹配盛邦漏洞攻击报文/CVE-2024-6782.pcap
CVE-2024-7954,漏洞类/2026年2月2日/AI生成的有CVE编号匹配盛邦漏洞攻击报文/CVE-2024-7954.pcap
CVE-2025-26319,漏洞类/2026年2月2日/AI生成的有CVE编号匹配盛邦漏洞攻击报文/CVE-2025-26319.pcap
CVE-2025-31125,漏洞类/2026年2月2日/AI生成的有CVE编号匹配盛邦漏洞攻击报文/CVE-2025-31125.pcap
CVE-2025-31131,漏洞类/2026年2月2日/AI生成的有CVE编号匹配盛邦漏洞攻击报文/CVE-2025-31131.pcap
CVE-2025-3248,漏洞类/2026年2月2日/AI生成的有CVE编号匹配盛邦漏洞攻击报文/CVE-2025-3248.pcap
CVE-2025-47812,漏洞类/2026年2月2日/AI生成的有CVE编号匹配盛邦漏洞攻击报文/CVE-2025-47812.pcap
CVE-2025-47916,漏洞类/2026年2月2日/AI生成的有CVE编号匹配盛邦漏洞攻击报文/CVE-2025-47916.pcap
CVE-2025-5086,漏洞类/2026年2月2日/AI生成的有CVE编号匹配盛邦漏洞攻击报文/CVE-2025-5086.pcap
CVE-2020-9483,漏洞类/2026年2月9日/AI工作流生成的盛邦无cve漏洞数据(302条)/pcaps/45254_CVE-2020-9483_Apache_SkyWalking_SQL注入漏洞.pcap
CVE-2024-25522,漏洞类/2026年2月9日/AI工作流生成的盛邦无cve漏洞数据(302条)/pcaps/52508_CVE-2024-25522_RuvarOA wf_work_form_save.aspx SQL注入漏洞.pcap
